id,manufacturer,model_name,recall_type,additional_info
1,비엠더블유코리아(주),BMW 320i  BMW 320i Touring  BMW 420i Convertible  BMW 420i Coupe  BMW 420i Gran Coupe  BMW 520i  BMW 523d  BMW 523d xDrive  BMW 530i xDrive  BMW X3 20 xDrive  BMW X3 20d xDrive,자발적리콜,정상적으로 생산된 48V 스타터 발전기로 교체하고 필요 시 배터리 양극 케이블 교체하거나 수리함 
2,비엠더블유코리아(주),BMW X3 20 xDrive  BMW X3 20d xDrive,자발적리콜,48V 스타터 발전기 볼트 연결부의 체결 상태를 점검하고  규정 토크로 체결되어 있지 않을 경우 규정 토크로 체결함. 만약 배선 연결부에 그을음이 있을 경우 48V 스타터 발전기 및 배터리 양극 케이블을 교체함 
3,비엠더블유코리아(주),MINI Cooper SE,자발적리콜,고전압 배터리 상태 및 고전압 배터리 하우징의 밀봉상태를 점검하고 밀봉이 제대로 되지 않았을 경우 고전압 배터리 관련 구성품을 교체함 
4,메르세데스벤츠코리아(주),AMG S 63 E Performance  AMG GT 63 S E Performance,자발적리콜,개선된 고전압 시동 발전기 소프트웨어로 업데이트 
5,메르세데스벤츠코리아(주),E 220 d 4MATIC  E 300 4MATIC  E 200  E 450 4MATIC,자발적리콜,48V 접지 연결 볼트 점검 및 필요 시 재작업 
6,비엠더블유코리아(주),BMW i5 xDrive40,자발적리콜,품질이 개선된 통합제동장치로 교체
7,혼다코리아(주),ACCORD  ACCORD HYBRID  CR-V  ODYSSEY  PILOT  CIVIC  CROSSTOUR  CR-Z  HR-V  LEGEND,자발적리콜,개선된 연료펌프로 교체 
8,(주)볼보자동차코리아,S90  V90CC  S60  V60CC  XC60.  XC90  XC40  C40,자발적리콜,개선된 소프트웨어 업데이트(OTA 기능 적용차량의 경우 OTA로 업데이트 예정)
9,폭스바겐그룹코리아 주식회사,A5 40 TFSI qu  A5 45 TFSI qu. Premium  A6 e-tron performance  Q6 e-tron performance,자발적리콜,전방 동승자석 에어백 모듈 교체 
10,만트럭버스코리아(주),TGS  TGX  TGM  TGL,자발적리콜,세라믹 절연체가 있는 개선된 시가소켓으로 교체 
11,메르세데스벤츠코리아(주),G 400 d,자발적리콜,엔진 컨트롤 유닛 소프트웨어 업데이트 
12,현대자동차(주),GV70(JK1 PE)  GV70 Electrified(JK1 EV PE)  아이오닉9(ME1),자발적리콜,에어백 제어장치(ACU) 소프트웨어 업데이트 (점검 후 필요 시 ACU 교체)
13,포르쉐코리아 주식회사,마칸  마칸 4  마칸 4S  마칸 터보,자발적리콜,후방카메라 소프트웨어를 업데이트 
14,폭스바겐그룹코리아 주식회사,A7 55 TFSI e qu. Premium,자발적리콜,고전압배터리 점검 및 소프트웨어 업데이트 
15,폭스바겐그룹코리아 주식회사,Q6 e-tron performance,자발적리콜,후방카메라 교체 
16,비엠더블유코리아(주),R 18  R 18 CLASSIC  R 18 B  R 18 TANSCONTINENTAL  R 18 ROCTANE,자발적리콜,와이어링 하니스에 추가 보호 릴레이 설치 및 소프트웨어 업데이트 
17,폭스바겐그룹코리아 주식회사,Q3 40 TFSI qu. Premium  Q3 35 TDI Premium  Q3 Sportback 40 TFSI qu. Premium,자발적리콜,소프트웨어 업데이트 
18,폭스바겐그룹코리아 주식회사,A6 40 TDI 등 31차종,자발적리콜,소프트웨어 업데이트 
19,한국토요타자동차(주),토요타 시에나 하이브리드 2WD  토요타 시에나 하이브리드 AWD,자발적리콜,대상차량에 대해 3열 좌석 등받이 고정볼트를 규정 토크로 재조임 
20,비엠더블유코리아(주),BMW R 12  BMW R 12 nineT,자발적리콜,오류가 수정된 최신 소프트웨어 버전 업데이트 진행 
21,(주)재규어랜드로버코리아,더 뉴 레인지로버 D350 LWB  더 뉴 레인지로버 D350 SWB  더 뉴 레인지로버 P530 LWB  더 뉴 레인지로버 P530 SWB,자발적리콜,후방카메라 교체 
22,(주)볼보자동차코리아,S90  XC60  XC90,자발적리콜,구동축전지 모듈 내의 셀 편차를 식별하는 분석방법을 사용하여 대상 차량을 점검함. 잠재적인 문제점의 증거가 발견되지 않을 경우 해당 차량은 배터리 모니터링 소프트웨어 업그레이드를 진행하며  문제점이 발견될 경우 소프트웨어 업그레이드 외에 구동축전지 내부 해당 모듈을 무상으로 교체함 
23,메르세데스벤츠코리아(주),S 500 4MATIC,자발적리콜,개선된 퓨즈 박스로 교체 
24,한국지엠주식회사,카마로 (Camaro),자발적리콜,토크 센서를 포함한 전동식 스티어링 기어 교환 
25,메르세데스벤츠코리아(주),S 350 d  S 400 d 4MATIC  S 450 4MATIC  S 500  S 500 4MATIC  S 580 e 4MATIC  S 580 4MATIC  Maybach S 580 4MATIC  Maybach S 680 4MATIC,자발적리콜,개선된 브레이크 호스 교체 
26,메르세데스벤츠코리아(주),AMG GT 63 S E Performance  AMG S 63 E Performance  AMG GT 63 S E Performance,자발적리콜,개선된 고전압 시동 발전기 소프트웨어로 업데이트 
27,지엠아시아퍼시픽지역본부 주식회사,ATS  CTS,자발적리콜,토크 센서를 포함한 전동식 스티어링 기어 교환 
28,비엠더블유코리아(주),BMW 118d  BMW X1 X20D A   BMW X1 xDrive20d  BMW X1 xDrive18d  BMW 335i Convertible,자발적리콜,정상적으로 제조된 운전석 에어백으로 교체함 
29,폭스바겐그룹코리아 주식회사,e-tron GT  RS e-tron GT,자발적리콜,고전압배터리 점검 및 필요 시 배터리 셀 모듈 교체  소프트웨어 업데이트(2025년 3분기 예정이며  추후 재통지 예정)* 리콜 대상 차량에 대하여 고전압 배터리 충전량을 80%로 임시 변경(최종 소프트웨어 업데이트 실시(2025년 3분기 예정  고전압배터리 이상 발생 시 경고메시지를 계기판에 직접 표시하기 위한 배터리 데이터 모니터링 개선 소프트웨어) 후 충전량을 100%로 변경 예정)** 안내사항: 시정조치를 받으시기 전에는 자동차 소유주가 고전압배터리 충전량을 80%로 변경 후 사용을 권장 드립니다.
30,혼다코리아(주),혼다 ADV750L,자발적리콜,원동기 출력 제원 수정 (혼다코리아가 자동차안전연구원 자동차인증처로 수정 요청)
31,비엠더블유코리아(주),BMW 750e xDrive,자발적리콜,품질이 개선된 통합제동장치로 교체함 
32,주식회사 모빌리티네트웍스,SE-A2밴,자발적리콜,대상 자동차에 대하여 동승석 좌석 교체 
33,(주)재규어랜드로버코리아,디펜더 110 P300  디펜더 110 P400,자발적리콜,스노클 에어 인테이크 키트 탈거 후 수정된 고정장치로 재장착 
34,주식회사 모빌리티네트웍스,SE-A2밴,자발적리콜,대상 자동차에 대하여 제동장치 ESC 소프트웨어 업데이트 
35,메르세데스벤츠코리아(주),E 300 4MATIC  E 200  E 350 e 4MATIC,자발적리콜,견인 입고 후 개선된 후방 차축 캐리어로 교체  - 주행 중 캠버 스트럿이 사전 경고 없이 후방 차축에서 분리될 수 있기 때문에  즉시 차량 운행을 중지해 주시기 바랍니다.  - 후방 차축 캐리어 교체를 위해 차량은 반드시 서비스센터에 견인 입고되어야 합니다. 견인 입고를 위해 가까운 서비스센터에 문의 및 예약 바랍니다. 차량 견인 서비스는 무상으로 제공되며  동급의 차량으로 커티시카를 제공할 예정입니다.
36,(주)루트17,다니고 밴,자발적리콜,대상 자동차에 대하여 진공배력장치 커넥터 부품을 확인  점검 후 이상 있는 경우 신품으로 교체 (작업시간 약 1시간)
37,주식회사 더좋은사람,C40,자발적리콜,기준에 적합한 컨트롤러 교체 
38,메르세데스벤츠코리아(주),E 220 d 4MATIC  E 300 4MATIC  CLE 200,자발적리콜,개선된 MBUX 멀티미디어 시스템 소프트웨어 업데이트 
39,테슬라코리아 유한회사,Model Y  Model 3,자발적리콜,OTA(over-the-air)를 통한 2024.38.7 또는 이후 버전으로 업데이트 (TPMS에 이상이 감지될 경우  TPMS 이상 경고등이 지속적으로 점등)(단  일부 차량의 경우 차량에 대한 조치(펌웨어 업데이트)가 이미 완료되어  추가 조치가 필요하지 않을 수 있으므로 자세한 사항은 제작사 고객센터(080-617-1399)로 문의하여 주시기 바랍니다.)펌웨어 업데이트로 진행되므로  해당 리콜 조치를 위한 서비스센터 방문은 필요하지 않음>
40,스텔란티스코리아 주식회사,2021~2023년식 짚랭글러 PHEV  2023년식 짚그랜드체로키 PHEV,자발적리콜,배터리 팩 컨트롤 모듈의 소프트웨어를 최신 버전으로 업데이트 함. 또한 업데이트 후에 진행되는 진단 절차를 통해 고전압 배터리의 이상유무를 확인하고  이상 발견 시 고전압배터리를 새로운 고전압배터리로 교체함.
41,(주)스즈키씨엠씨,스즈키 AN400A,자발적리콜,연료호스 및 퍼지호스 교체 
42,케이지모빌리티 주식회사(KG Mobility Corp.),티볼리(G15)   코란도(G15),자발적리콜,엔진제어장치(ECU) 소프트웨어 업데이트 
43,메르세데스벤츠코리아(주),S 580 4MATIC  Maybach S 580 4MATIC,자발적리콜,개선된 엔진 컨트롤 유닛 소프트웨어 업데이트 및 필요시 손상된 배선 또는 촉매 컨버터 교체 
44,현대자동차(주),넥쏘 (FE),자발적리콜,AVN 키보드 어셈블리 교환 기존 보증기간 연장 수리 실시로 이미 리콜에 해당하는 조치가 완료되어 추가 조치는 필요하지 않을 수 있으므로  자세한 사항은 제작사 고객센터(080-600-6000)으로 문의하여 주시기 바랍니다.>
45,기아 주식회사,쏘렌토 하이브리드(MQ4 HEV PE)  쏘렌토(MQ4 PE),자발적리콜,1) OTA를 통한 소프트웨어 업데이트 2) Auto Q 정비망 (서비스센터  서비스협력사) 방문 후 소프트웨어 업데이트 기존 무상수리로 이미 리콜에 해당하는 조치가 완료되어 추가 주치는 필요하지 않을 수 있으므로  자세한 사항은 제작사 고객센터(080-200-2000)으로 문의하여 주시기 바랍니다.>
46,비엠더블유코리아(주),BMW 520i  BMW 523d  BMW 523d xDrive  BMW 530e  BMW 530i xDrive  BMW 740d xDrive  BMW 750e xDrive  BMW X1 xDrive20i,자발적리콜,품질이 개선된 통합제동장치로 교체
47,기아 주식회사,EV9 (MV),자발적리콜,시트 마운팅 볼트 점검 후 문제 차량 확인 시 볼트 체결 
48,비엠더블유코리아(주),BMW 530i xDrive  BMW 520i,자발적리콜,스티어링 휠 내부 접지 케이블 연결부 체결 상태를 점검하여 필요 시 와셔를 장착함 
49,혼다코리아(주),PILOT,자발적리콜,엔진 컨트롤 유닛 소프트웨어 리프로그래밍 
50,만트럭버스코리아(주),TGS/TGX 트랙터 및 카고 (이피션트크루즈 기능),자발적리콜,이피션트크루즈 소프트웨어 업데이트 
51,메르세데스벤츠코리아(주),AMG GT  AMG GT S  C 63 AMG  AMG C 63 Sedan  AMG C 63 S Sedan  AMG C 63 Coupe  AMG C 63 S Coupe  AMG C 63,자발적리콜,엔진 일렉트로닉스(ME-SFI) 컨트롤 유닛 소프트웨어 업데이트 
52,다임러트럭코리아(주),아록스(Arocs)  악트로스(Actros),자발적리콜,뒤 차축 좌  우 양쪽 액슬 베어링 브라켓에 누락된 너트와 스크류(좌  우측 각 2세트 - 너트 4개 / 스크류 4개) 장착 
53,지엠아시아퍼시픽지역본부 주식회사,CT5,자발적리콜, - 자동변속기 컨트롤 모듈의 진단 소프트웨어 업데이트  - 진단 소프트웨어 업데이트 후 해당 엔진 경고등 확인 시 자동변속기 유압 제어 장치 교환  * 자동변속기 컨트롤 모듈의 진단 소프트웨어 업데이트를 통하여 이상이 감지되면 특정 기어로 제한해 바퀴잠김 현상이 발생할 가능성을 사전에 방지하고  동시에 엔진 경고등 및 메시지가 나타나게 함 * 아울러  자동변속기 유압 제어 장치에 대한 보증기간은 180개월 또는 240 000km로 연장됨 (보증기간: 기간 또는 주행거리 중 먼저 도래한 것을 보증기간의 만료로 간주)
54,(주)볼보자동차코리아,2025년식 S90,자발적리콜,접착제를 사용해 조립된 창유리를 차체에서 탈거하여 부착면 세척 후 재부착 
55,스텔란티스코리아 주식회사,마세라티 기블리 등 14차종,자발적리콜,대상 차량의 ETM 소프트웨어를 개선된 버전으로 업데이트 
56,(주)재규어랜드로버코리아,더 뉴 레인지로버 스포츠 P360  더 뉴 레인지로버 스포츠 P550e,자발적리콜,2열 중앙좌석 안전띠 체결 버클 교체 
57,메르세데스벤츠코리아(주),GLC 300 4MATIC Coupe,자발적리콜,차량 기술 데이터 책자 교체 및 자동차 등록증 재발급 
58,볼보트럭코리아(주),FH 트랙터  FH 카고,자발적리콜,대상 자동차에 대하여 운전자지원첨단조향장치 소프트웨어 업데이트 작업 시행 
59,만트럭버스코리아(주),TGS 카고,자발적리콜,연료필터 히터를 개선품으로 교체함 
60,현대자동차(주),카운티 일렉트릭 (MF EV),자발적리콜,차량제어장치시스템(VCU) 로직 업데이트(최고출력상향) 및 인증 라벨 교체 
61,현대자동차(주),G80(RG3)  GV80(JX)  GV70(JK)  GV70 EV(JK EV),자발적리콜,계기판 제어기 소프트웨어 업데이트 기존 공개무상수리 실시로 이미 리콜에 해당하는 조치가 완료되어 추가 조치가 필요하지 않을 수 있으며  자세한 사항은 제작사 고객센터(080-600-6000)으로 문의하여 주시기 바랍니다.>
62,폭스바겐그룹코리아 주식회사,Q6 e-tron performance  Q6 e-tron quattro Premium  SQ6 e-tron,자발적리콜,ISOFIX 브라켓 제거 
63,폭스바겐그룹코리아 주식회사,Q4 40 e-tron  Q4 Sportback 40 e-tron,자발적리콜,소프트웨어 업데이트 
64,포드세일즈서비스코리아(유),2024-2025년식 Nautilus,자발적리콜,올바른 도어 컨트롤 모듈 소프트웨어로 업데이트하고 창유리 원격 닫기 기능을 비활성화 함 
65,포드세일즈서비스코리아(유),2024년식 Mustang,자발적리콜,계기판 시스템의 소프트웨어를 업데이트 
66,스텔란티스코리아 주식회사,2012~2014년식 300C,자발적리콜,개선된 고압 연료 펌프로 교체 
67,비엠더블유코리아(주),R1300GS,자발적리콜,탑케이스) 개선된 잠금장치로 교체 사이드케이스) 잠금장치가 개선된 사이드케이스로 교체 
68,(주) 한국모터트레이딩,MTM890 (XSR900)  MTN1000 (MT-10)  MTN1000D (MT-10SP)  MTN890D (MT-09SP)  MTT890 (MT-09TRA)  MTT890D (MT-09TRA GT+),자발적리콜,1. ECU 리프로그램 2. TPS센서 교환 
69,만트럭버스코리아(주),TGS 카고  TGX 트랙터  TGX 카고  TGX 트랙터  TGX 카고,자발적리콜,1) 1단계(임시 대책): 이피션트크루즈 기능 비활성화2) 2단계: 최종 해결착이 개발되면 즉시 결함 시정 예정 
70,비엠더블유코리아(주),BMW X3 xDrive20d  BMW X4 xDrive20d,자발적리콜,Dew Point 최적화를 위한 소프트웨어 업데이트 및 개선된 산소감지기로 교체 진행
71,현대자동차(주),아이오닉5 N (NE N),자발적리콜,관련 제어기(IEB  VCU) 소프트웨어 업데이트 
72,한국닛산(주),닛산 PATHFINDER,자발적리콜,개선된 2차 후드걸쇠장치 교체 
73,포르쉐코리아 주식회사,911 카레라 4  911 카레라 4 카브리올레  911 카레라 4 GTS  911 카레라 4 GTS 카브리올레  911 카레라 4S 카브리올레  911 카레라 카브리올레  911 카레라 GTS  911 카레라 GTS 카브리올레  911 카레라 S  911 카레라 S 카브리올레  911 타르가 4 GTS  911 터보 S  911 터보 S 카브리올레,자발적리콜,뒷 좌석 안전띠 버클볼트 연결을 점검하고 필요 시 재조립 
74,폭스바겐그룹코리아 주식회사,e-tron 55 quattro,자발적리콜,고전압 배터리 점검 및 필요 시 배터리 셀 모듈 교체  최종 소프트웨어 업데이트 (최종 소프트웨어 업데이트 완료 차량은 충전량을 100%로 사용 가능)
75,화창상사(주),SCOUT BOBBER  SCOUT BOBBER LIMITED TECH  SCOUT CLASSIC LIMITED TECH  SPORT SCOUT  SPORT SCOUT LIMITED TECH  SPORT SCOUT 101,자발적리콜,서비스센터에서 대상차량임을 확인 후 개선된 소프트웨어 업데이트 조치 
76,비엠더블유코리아(주),BMW 520d  BMW 520d xDrive  BMW 523d  BMW 523d xDrive  BMW 620d  BMW 620d xDrive  BMW X3 xDrive20d  BMW X4 xDrive20d,자발적리콜,Dew Point 최적화를 위한 소프트웨어 업데이트 및 개선된 산소감지기로 교체 
77,비엠더블유코리아(주),BMW X5 xDrive30d  BMW X6 xDrive 30d,자발적리콜,Dew Point 최적화를 위한 소프트웨어 업데이트 진행 
78,(주)재규어랜드로버코리아,디스커버리 스포츠 P250  디펜더 90 D250  디펜더 110 D250  디펜더 110 P300,자발적리콜,터치 스크린 관련 소프트웨어 업데이트 [인포테인먼트 컴퓨터 컨트롤 모듈 (ICM) 및 대화형 디스플레이 모듈 'A'(IDMA]
79,주식회사 티에스에코에너지,일레누스,자발적리콜,표시장치 소프트웨어 업데이트 
80,주식회사 킹롱이브이코리아,시티라이트Ⅱ,자발적리콜,1) 승강구 조작 장치(외부)는 신규 설치 2) 승강구 조작 장치(내부)는 이전 설치 
81,주식회사 티에스에코에너지,일레누스,자발적리콜,보호장치 너비 방향 추가 핸드레일 설치 
82,테슬라코리아 유한회사,Model Y,자발적리콜,OTA(over-the-air)를 통한 2023.38.4 또는 이후 버전으로 업데이트  - 과전압 발생을 방지하고  PCB에 과부하가 걸리지 않도록 함 서비스센터를 방문하지 않으셔도 됩니다. / 일부 차량의 경우 조치(펌웨어 업데이트)가 이미 완료되어 추가 조치가 필요하지 않을 수 있으므로 자세한 사항은 제작사 고객센터(080-617-1399)로 문의하여 주시기 바랍니다.>
83,주식회사 티에스에코에너지,일레누스,자발적리콜,외부잠금장치 기능 제거  승강구 여는 장치 추가 장착 
84,비엠더블유코리아(주),BMW 228I A 등 28차종,자발적리콜,전동식 냉각수 펌프에 연결되는 배선 커넥터에 보호 캡을 추가 장착하고 냉각수 펌프의 커넥터 연결 부 점검 후 필요 시 냉각수 펌프를 교체함 
85,비엠더블유코리아(주),BMW 523d  BMW 523d xDrive  BMW 530i xDrive  BMW 740i xDrive  BMW X5 xDrive40i  BMW X5 xDrive50e,자발적리콜,품질이 개선된 통합제동장치로 교체함 
86,르노코리아(주),XM3 하이브리드  ARKANA 하이브리드,자발적리콜,차량에 따라 HEVC 및 DC/DC 컨버터의 소프트웨어를 개별 또는 동시 업데이트를 실시 단  23년 7월 19일부터 2024년 6월 25일까지 제작된 일부 차량은 소프트웨어 업데이트 필요하며 추가 시간 소요됨 
87,폭스바겐그룹코리아 주식회사,ID.4 210kW,자발적리콜,도어 핸들 부품 교체 
88,한국토요타자동차(주),토요타 캠리  렉서스 ES300h  렉서스 RX450h,자발적리콜,서비스센터에서 대상차량에 대해 연료펌프를 개선품으로 교환 
89,범한자동차 주식회사,E-SKY9,자발적리콜,개선품 적용 
90,범한자동차 주식회사,E-SKY 9,자발적리콜,휠 너트 변경 
91,메르세데스벤츠코리아(주),EQS 450 4MATIC  EQS 580 4MATIC,자발적리콜,개선된 루프 브래킷 교체 및 윈도우 에어백 손상여부 확인  필요 시 교체 예정 
92,포드세일즈서비스코리아(유),2021-2023년식 Mustang,자발적리콜,파워 조향 시스템의 소프트웨어를 업데이트 
93,(유)기흥모터스,HARLEY-DAVIDSON CVO FLHXSE  HARLEY-DAVIDSON CVO FLTRXSE,자발적리콜,레귤레이터 와이어 루팅 및 손상여부 점검 후 배선이 차체에 비벼지지 않도록 자리를 잡아주고  만약 손상되었다면 리콜 키트(품번: 91500119)를 사용하여 해당 배선 수리하고 자리를 잡아 줌 
94,기아 주식회사,니로 (SG2 HEV)  니로 EV (SG2 EV),자발적리콜,전기배선 손상 방지 작업 및 점검 후 필요 시 전기배선 교환 
95,지엠아시아퍼시픽지역본부 주식회사,2020/2021년형 CT4/CT5 2.0L 가솔린엔진 장착 차량,자발적리콜,장착된 퍼지 펌프 사양 확인 후 필요 시 퍼지 펌프 교환 보증수리 조치에 따라 동일한 시정조치를 이미 받아 추가로 서비스센터를 방문하시어 시정조치를 받으실 필요가 없을 수 있으므로  자세한 사항은 제작사 고객센터(080-800-1228)로 문의하여 주시기 바랍니다.>
96,(주)재규어랜드로버코리아,더 뉴 레인지로버 스포츠 P360  더 뉴 레인지로버 스포츠 D300  더 뉴 레인지로버 P530 LWB,자발적리콜,소재와 사양이 새롭게 변경된 2열 시트 팔걸이 보관함 걸쇠장치 부품 교체 
97,메르세데스벤츠코리아(주),GLE 250 d 4MATIC,자발적리콜,엔진 컨트롤 유닛 소프트웨어 업데이트  필요 시 NOx 센서 교체 
98,메르세데스벤츠코리아(주),GLE 350 D 4MATIC  GLS 350 d 4MATIC  E 350 BlueTEC 4MATIC  GLE 350 D 4MATIC,자발적리콜,엔진 컨트롤 유닛 소프트웨어 업데이트  필요 시 NOx 센서 교체 
99,메르세데스벤츠코리아(주),S 350 d  S 350 d 4MATIC  S 400 d  S 400 d 4MATIC,자발적리콜,SCR 촉매 장치의 상류 및 하류 NOx 센서 점검  필요 시 교체 
100,테슬라코리아 유한회사,Model Y  Model 3  Model X  Model S,자발적리콜,OTA(over-the-air)를 통한 2024.44.25.3 또는 이후 버전으로 업데이트 (차량 전원 공급 시 과도한 전류를 방지하기 위해 로직 변경)1  차량 컴퓨터 손상이 발생하지 않은 차량은 소프트웨어 2024.44.25.3 또는 이후 버전을 설치한 후 추가적인 조치가 필요하지 않습니다.2. 소프트웨어 버전 2024.44.25.3 또는 이후 버전을 설치하기 전에 차량 컴퓨터 손상이 발생한 차량의 경우 컴퓨터를 무상으로 교환함 
101,기아 주식회사,봉고Ⅲ (PU)   봉고Ⅲ EV (PU EV),자발적리콜,개선된 12V 배터리 센서 및 퓨즈 교환 
102,기흥인터내셔널 유한회사,McLaren GT,자발적리콜,케이블 장력이 개선된 후드걸쇠 개선품으로 교체 
103,기흥인터내셔널 유한회사,McLaren 765LT Coupe,자발적리콜,차량의 뒷면 창유리를 탈거하고 정규 작업공정에 따라 접착제를 사용하여 재 부착함
104,현대자동차(주),포터II LPDi (HR)  포터II EV (HR EV),자발적리콜,12V 배터리센서 개선품으로 교체 
105,지엠아시아퍼시픽지역본부 주식회사,에스컬레이드  XT4  XT5  XT6,자발적리콜,연료 펌프 컨트롤 모듈 교환 XT5  XT6: 2024년 12월 23일부터 완료 시까지 에스컬레이드  XT4: 2025년 01월 20일부터 완료 시까지 대상차량별 시정조치기간이 상이하므로  자세한 사항은 제작사 고객센터(080-800-1228)로 문의하여 주시기 바랍니다.>
106,스텔란티스코리아 주식회사,그레칼레 GT 하이브리드  그레칼레 모데나 하이브리드  그레칼레 트로페오,자발적리콜,대상 차량의 CVPAM 소프트웨어를 개선된 버전으로 업데이트 
107,현대자동차(주),넥쏘(FE),자발적리콜,온도 감응식 압력해제 밸브 개선품으로 교체 (유리구형 -> 금속 융융형)
108,현대자동차(주),일렉시티(CY) 수소전기버스  유니버스(PY) 수소전기버스  엑시언트(QZ) 수소전기트럭,자발적리콜,온도 감응식 압력해제 밸브 개선품으로 교체 (유리 구형 -> 금속 융융형)
109,현대자동차(주),액시언트(QZ),자발적리콜,볼트 재체결 
110,포드세일즈서비스코리아(유),2024년식 Bronco 2.3L,자발적리콜,너트의 장착 및 조임 상태를 확인 후 경우에 따라 재조임 또는 관련 부품 교환 
111,포르쉐코리아 주식회사,카이엔  카이엔 쿠페  카이이엔 S E-하이브리드 쿠페,자발적리콜,전조등 제어장치 소프트웨어 업데이트 
112,한국지엠주식회사,올뉴 말리부  트랙스  이쿼녹스  트래버스  타호  콜로라도  트랙스 크로스오버  트레일블레이저  시에라,자발적리콜,연료 펌프 컨트롤 모듈 교환 올 뉴 말리부  트랙스  트래버스  타호: 2024년 12월 23일부터 완료시까지 트랙스 크로스오버  트레일블레이저  이쿼녹스  콜로라도. GMC 시에라: 2025년 01월 20일부터 완료시까지  대상차량별 시정조치기간이 상이하므로  자세한 사항은 제작사 고객센터(080-3000-5000)로 문의하여 주시기 바랍니다.>
113,혼다코리아(주),PILOT,자발적리콜,넥튜브 연결 상태 확인 및 재결합 
114,(주)볼보자동차코리아,S90  V90CC  S60  V60CC  XC60  XC90  XC40  C40,자발적리콜,개선된 소프트웨어 업데이트(OTA 기능 적용차량의 경우 OTA로 업데이트 예정)
115,메르세데스벤츠코리아(주),S 350 d,자발적리콜,후륜 차동기어 고정 볼트 및 커버 교체 
116,메르세데스벤츠코리아(주),CLA 250 4MATIC,자발적리콜,파이로 퓨즈 하우징 점검  필요 시 교체 예정 
117,메르세데스벤츠코리아(주),E 350 4MATIC,자발적리콜,개선된 엔진 컨트롤 유닛 소프트웨어 업데이트 예정 
118,메르세데스벤츠코리아(주),GLC 300 4MATIC Coupe,자발적리콜,차량 기술 데이터 책자 교체 및 자동차 등록증 재발급 
119,기아 주식회사,쏘렌토 (MQ4)  쏘렌토 하이브리드 (MQ4 HEV),자발적리콜,1) 서비스센터 및 서비스센터협력사에서 전조등 소프트웨어 업데이트 2) 무선 OTA를 통한 전조등 소프트웨어 업데이트 ('25.1월 중)
120,한국지엠주식회사,트래버스,자발적리콜,후부반사기 및 옆면반사기(장착 차량에 한함) 교환 
121,볼보트럭코리아(주),FL 카고,자발적리콜,엔진 컨트롤 유닛 소프트웨어 업데이트 
122,폭스바겐그룹코리아 주식회사,ID.4 82kWh,자발적리콜,도어 핸들 점검 및 필요 시 교체 
123,포르쉐코리아 주식회사,911 카레라 4 GTS  911 카레라 4 GTS 카브리올레,자발적리콜,휠 중앙 잠금장치 점검 후 필요 시 정상품으로 교체 
124,기아 주식회사,K7 (VG),자발적리콜,엔진룸 정션박스 내 HECU 관련 퓨즈를 개선품으로 교환 (합선 발생 시 전원 차단하여 소손 예방)
125,범한자동차 주식회사,E-SKY11,자발적리콜,통로 발판부 계단식 설계 변경 
126,범한자동차 주식회사,E-SKY 11,자발적리콜,외부잠금장치 기능 제거 
127,메르세데스벤츠코리아(주),CLS 400 d 4MATIC  G 400 d  GLE 400 d 4MATIC  GLE 400 d 4MATIC Coupe  GLS 400 d 4MATIC  S 350 d  S 350 d 4MATIC  S 400 d  S 400 d 4MATIC,자발적리콜,엔진 컨트롤 유닛 소프트웨어 업데이트 
128,기아 주식회사,봉고Ⅲ (PU),자발적리콜,개선된 12V 배터리 센서 및 퓨즈 교환 
129,혼다코리아(주),혼다 CRF1100D,자발적리콜,대상 차량에 대해 엔진제어장치 프로그램을 업데이트 
130,기아 주식회사,EV6 (CV),자발적리콜,통합충전제어장치 소프트웨어 업데이트(점검 후 특정 고장코드 진단 시 해당부품 교환)
131,기아 주식회사,EV6 (CV),자발적리콜,통합충전제어장치 소프트웨어 업데이트 (점검 후 특정 고장코드 진단 시 해당부품 교환)
132,(유)기흥모터스,HARLEY-DAVIDSON SOFTAIL LOW RIDER ST,자발적리콜,연료탱크를 제거하여 아래쪽 브레이크 호스의 구부러짐 및 간섭 여부를 확인하고  경우에 따라 아래의 세 가지 조치 방법을 수행함 1. 브레이크 호스의 구부러짐 및 탱크 손상이 없는 경우 재조립함 2. 브레이크 호스가 구부러지거나 손상된 경우 브레이크 호스를 교체함 3. 연료탱크를 도색부분만 손상된 경우 부분 보수하고  금속 표면이 드러난 경우 연료탱크클 교체함 
133,현대자동차(주),아이오닉5 (NE1 PE),자발적리콜,파워 도메인 컨트롤러(PDC) 소프트웨어 업데이트 
134,비엠더블유코리아(주),BMW 218d Active Tourer 등 63차종,자발적리콜,품질이 개선된 통합제동장치로 교체
135,메르세데스벤츠코리아(주),S 580 4MATIC   Maybach S 580 4MATIC,자발적리콜,개선된 엔진 컨트롤 유닛 소프트웨어 업데이트 및 필요 시 손상된 배선 또는 촉매 컨버터 교체 
136,(주) 한국모터트레이딩,MTN890(MT-07),자발적리콜,클러치디스크 셋트 교환 (적합한 방청유 사용)
137,메르세데스벤츠코리아(주),Mercedes AMG E 53 4MATIC+  Mercedes AMG E 53 4MATIC+ Coup?  Mercedes AMG CLS 53 4MATIC+ Coup?  Mercedes AMG GT 43 4MATIC+,자발적리콜,엘체형 변속기 배선으로 교체 
138,르노코리아(주),KOLEOS Hybrid,자발적리콜,접지용 볼트의 체결 상태를 확인하고  규정 토크로 재체결 단  접지용 볼트의 체결이 불량한 경우 추가적인 차량 진단을 통하여 고장코드에 따라 관련 부품의 점검 또는 교환 
139,현대자동차(주),포터2 EV (HR EV),자발적리콜,프로펠러 샤프트 점검 후 개선품 교환 및 배터리 케이스 절삭 
140,현대자동차(주),아이오닉5 (NE)  아이오닉6 (CE)  GV60(JW)  GV70(JK) EV  G80(RG3) EV,자발적리콜,통합충전제어장치(ICCU) 소프트웨어 업데이트 (점검 후 특정 고장코드 진단 시 부품 교환)일부 차량의 경우 이미 리콜에 해당하는 조치가 완료되어 추가 조치는 필요하지 않을 수 있으므로  자세한 사항은 제작사 고객센터(080-600-6000 / 080-700-6000)으로 문의하여 주시기 바랍니다.>
141,메르세데스벤츠코리아(주),E 220 d  E 220 d 4MATIC  E 220 d Coupe,자발적리콜,SCR 촉매 장치의 상류 및 하류 NOx 센서 점검  필요시 교체
142,(주)GS글로벌,T4K,자발적리콜,대상 자동차에 대하여 타이로드 너트 규정 토크 125 N·m로 조임 작업 및 점검 필요 시 부품(타이로드 너트) 교체
143,(주)GS글로벌,T4K,자발적리콜,대상 자동차에 대하여 ① BMS 유니트의 에어포트 부위 실리콘 도포 및 커넥터 실링 점검 후 필요시 실링 교체 ② 고전압 배터리 BIC 커넥터 실링 점검 진행  누락 발견 시 실링 장착 및 더미 커넥터 실링 탄성 및 복원력 개선된 실링으로 교체 후 커넥터 내부 실링 패드 추가 삽입
144,혼다코리아(주),ACCORD HYBRID CR6  ACCORD CV1  ACCORD CV2  ACCORD HYBRID CV3  CR-V RW1  CR-V RW2  ODYSSEY  PILOT  HR-V  CIVIC,자발적리콜,개선된 연료펌프로 교체
145,혼다코리아(주),CR-V R S3   CR-V HYBRID RS5  CR-V HYBRID RS6,자발적리콜,개선된 스프링 엔드캡 교체
146,(주)바이크코리아,Bonneville T100   Bonneville T120  Bonneville T120 Black  Street Twin  Street Twin Goldline  Speed Twin 900  Street Scrambler  Street Scrambler Sandstorm  Scrambler 900,자발적리콜,발전기 배선에 정렬 클립 장착
147,(주)바이크코리아,Tiger 1200 GT Pro  Tiger 1200 GT Explorer,자발적리콜,뒷 타이어를 개선된 타이어로 교체
148,포드세일즈서비스코리아(유),2024년식 Mustang,자발적리콜,계기판 시스템의 소프트웨어를 업데이트 예정
149,비엠더블유코리아(주),BMW 740d xDrive  X5 xDrive30d  X5 xDrive40d  X6 xDrive30d M Sport  X6 xDrive40d  X7 xDrive40d,자발적리콜,EGR 쿨러의 바이패스 플랩 커버 고정 나사를 재조임하고 그을음 흔적이 있을 경우 EGR 모듈을 교체2023년 12월 11일 부로 시행된 무상수리와 동일한 내용으로 무상수리를 통하여 본 조치가 이미 완료되어 추가 조치가 필요하지 않을 수 있음. 자세한 조치 완료 여부에 대해서는 리콜전담센터 (080-269-5181) 또는 가까운 서비스센터에 문의해 주시기 바랍니다.>
150,비엠더블유코리아(주),BMW iX1 xDrive30  X1 M35i xDrive  X1 sDrive18d  X1 xDrive20i,자발적리콜,차량의 B필러 제조번호를 확인하고  미승인된 강철코일이 사용된 B필러는 교체 
151,비엠더블유코리아(주),MINI Cooper SE,자발적리콜,정상적으로 제조된 고전압배터리 셀 모듈로 교체
152,기아 주식회사,카렌스 (RP),자발적리콜,엔진룸 정션박스내 HECU 관련 퓨즈를 개선으로 교환 
153,혼다코리아(주),혼다 GOLDWING,자발적리콜,대상 차량에 대해 프라이머리 드라이브 기어 고정 볼트를 개선품으로 교체 
154,메르세데스벤츠코리아(주),E 220 d  E 220 d 4MATIC  E 220 d Coupe  E 220 d Convertible,자발적리콜,엔진 컨트롤 유닛 소프트웨어 업데이트 
155,볼보트럭코리아(주),FH 트랙터,자발적리콜,캡 상단 하부 트림판넬 고정상태 점검 및 재장착 
156,(주)볼보자동차코리아,S90  XC90  XC60,자발적리콜,푸시 로드를 제원에 따른 규정토크로 다시 체결하는 작업을 진행 
157,르노코리아(주),SM3 Z.E.,자발적리콜,1) 고전압배터리 진단 기준을 강화한 2차 BMS 안전진단 소프트웨어 업데이트 2) 2차 BMS 안전진단 소프트웨어 업데이트 후  고전압배터리 관련 해당 경고등이 발생된 경우 고전압배터리를 교체 또는 수리 
158,타타대우상용차(주),더쎈,자발적리콜,ACU(Aribag Control Unit) 개선품으로 교환 기존 무상수리 실시로 이미 리콜에 해당하는 조치가 완료되어 추가조치를 위해 서비스센터를 방문할 필요가 없을 수 있으므로  자세한 사항은 제작사 고객센터(080-728-2825)로 문의하여 주시기 바랍니다.>
159,메르세데스벤츠코리아(주),AMG S 63 4MATIC Convertible,자발적리콜,제원 정정을 통한 시정 조치를 행정적으로 실시하는 것으로  차량등록증을 재교부 받거나 문제가 있는 부품을 교환하는 별도의 조치는 필요하지 않음 
160,스텔란티스코리아 주식회사,2019년식 짚그랜드체로키,자발적리콜,개선된 톤 휠로 교체 
161,메르세데스벤츠코리아(주),S 350 d   S 400 d 4MATIC   Maybach S 580 4MATIC,자발적리콜,개선된 비상 통신 모듈 소프트웨어 업데이트 
162,메르세데스벤츠코리아(주),E 220 d  E 220 d 4MATIC  E 220 d Coupe  E 220 d Convertible,자발적리콜,파워트레인 컨트롤 유닛 (PTCU) 소프트웨어 업데이트 
163,만트럭버스코리아(주),TGL 카고  TGM 카고,자발적리콜,조향축 점검 후 필요 시 조향축을 교체함 
164,(주)한국모터스,LJ125T-G,자발적리콜,후미등 장치를 안전기준에 적합한 후미등 장치로 교체 
165,포드세일즈서비스코리아(유),2011-2019년식 Explorer,자발적리콜,외장재 장착 상태 점검 후 필요 시 해당 부품을 교환원활한 진행을 위하여 아래와 같이 차량의 년식별로 순차적으로 시행을 실시하게 되었으니  자세한 사항은 전국 포드 서비스센터 및 고객센터로 문의하여 주시기 바랍니다.> - 2011~2014년식: 2024년 11월 18일부터 시행 - 2015~2016년식: 2024년 12월 9일부터 시행  - 2017년식: 2024년 12월 23일부터 시행 - 2018~2019년식: 2025년 1월 6일부터 시행 
166,포드세일즈서비스코리아(유),2023년식 Ranger Wildtrak,자발적리콜,운전석 안전띠 하단부와 고정 장치의 조립상태 확인 후 필요 시 부품 교환 
167,주식회사 모빌리티네트웍스,SE-A2밴,자발적리콜,대상 자동차에 대하여 가속제어장치 제어기 소프트웨어 업데이트 
168,(주)스즈키씨엠씨,스즈키 GSX1300RRQ,자발적리콜,개선된 앞 브레이크 마스터 실린더 및 개선된 다이어프램으로 교체 
169,주식회사 모빌리티네트웍스,SE-A2VA,자발적리콜,대상 자동차에 대하여 완속충전장치를 개선품으로 교환 
170,주식회사 제이에스얼라이언스,코만치 SPIT-150,자발적리콜,차량제원 및 외관도 정정
171,비엠더블유코리아(주),BMW X3 20 xDrive  BMW X3 20d xDrive  BMW X3 M50 xDrive,자발적리콜,정상적으로 생산된 조수석 에어백 모듈로 교체
172,비엠더블유코리아(주),BMW X3 M  X3 M Competition  BMW X3 M40i  BMW X3 M40I A  BMW X3 SDRIV A  BMW X3 XDRIV A  BMW X3 xDrive20d  BMW X3 xDrive20d M Sport Package  BMW X3 xDrive20i  BMW X3 xDrive20i Luxury  BMW X3 xDrive30d  BMW X3 xDrive30d M Sport Package  BMW X3 xDrive30i,자발적리콜,2024년 8월 22일 개시된 시정조치를 미완료한 차량인 경우 와셔 추가 장착 및 강건성이 증대되고 길이가 증가된 고정볼트로 교체하고  시정조치를 이미 완료(와셔 추가 장착 및 길이가 짧은 고정볼트로 교체한)한 차량의 경우  강건성이 증대되고 길이가 증가된 고정 볼트로 교체함 
173,비엠더블유코리아(주),BMW 520i  BMW 530e  BMW 530e xDrive Sedan  BMW 530i xDrive,자발적리콜,진단 강화 로직이(OTA 실시간 진단) 적용된 소프트웨어로 업데이트 하여 이상 징후를 사전에 감지하고 고객에게 안내함 (참고: 소프트웨어 설치 완료 후 향후 이상 발견 시 통합제동장치 무상 교체)
174,메르세데스벤츠코리아(주),S 580 4MATIC,자발적리콜,개선된 엔진 컨트롤 유닛 소프트웨어 업데이트 및 필요 시 손상된 배선 또는 촉매 컨버터 교체 
175,메르세데스벤츠코리아(주),Mercedes-AMG E 53 4MATIC+  Mercedes-AMG E 53 4MATIC+ Coupe  Mercedes-AMG CLS 53 4MATIC+ Coupe  Mercedes-AMG GT 43 4MATIC+,자발적리콜,일체형 변속기 배선으로 교체 예정 
176,메르세데스벤츠코리아(주),S 350 d  S 400 d 4MATIC  Maybach S 580 4MATIC,자발적리콜,개선된 비상 통신 모듈 소프트웨어 업데이트 예정 
177,메르세데스벤츠코리아(주),GLB 250 4MATIC   Mercedes AMG GLB 35 4MATIC,자발적리콜,타이어 점검 및 필요 시 교체 
178,혼다코리아(주),CR-V  CR-V HYBRID,자발적리콜,개선된 스프링 엔드캡 교체 
179,혼다코리아(주),ACCORD  ACCORD HYBRID  CR-V HYBRID,자발적리콜,고압연료펌프 누출 테스트 후  누출 발견 시 정상품의 고압연료펌프 교체 
180,포르쉐코리아 주식회사,911 GT3  911 카레라 4 GTS  911 카레라 4 GTS 카브리올레  911 카레라 GTS  911 카레라 GTS 카브리올레  911 타르가 4 GTS  911 터보 S  911 터보 S 카브리올레  파나메라 터보 E-하이브리드,자발적리콜,휠 중앙 잠금장치 점검 후 필요 시 정상품으로 교체 
181,한국지엠주식회사,콜로라도,자발적리콜,연료 탱크 잠금 링 재조립
182,포드세일즈서비스코리아(유),2020-2022년식 Aviator PHEV  2020-2021년식 Explorer PHEV,자발적리콜,진단기로 테스트 후 테스트를 통과하지 못하는 경우 고전압 배터리 팩(어셈블리)을 신품으로 교환 
183,현대자동차(주),아반떼 (HD)  i30 (FD),자발적리콜,점검 후 인플레이터 교환 (검토 중)
184,기아 주식회사,EV9 (MV),자발적리콜,1) 무선 OTA를 통한 계기판 제어기 소프트웨어 업데이트 2) 서비스센터 및 서비스협력사에서 계기판 소프트웨어를 업데이트 받을 수 있음 
185,스텔란티스코리아 주식회사,2016~2018년식 짚체로키,자발적리콜,저압 EGR 밸브 교체 
186,포드세일즈서비스코리아(유),2022-2023년식 Mustang,자발적리콜,파워 조향 시스템 소프트웨어 업데이트 
187,포드세일즈서비스코리아(유),2022년식 Nautilus  2021-2022년식 Aviator 3.0  2021-2022년식 Aviator PHEV  2021년식 Explorer 3.0  2021년식 Explorer PHEV,자발적리콜,흡기 밸브 관련 점검 후 필요 시 흡기 밸브 관련 부품 교환이 예상됨
188,현대자동차(주),아반떼N (CN7 N)  벨로스터N (JS N)  코나N (OS N)  G70 (IK),자발적리콜,엔진제어장치(ECU) 소프트웨어 업데이트 실시 및 점검 후 필요 시 고압펌프 등 교환 
189,다임러트럭코리아(주),아록스(Arocs)  악트로스(Actros),자발적리콜,밴조 볼트를 37Nm로 재 조임 
190,(주)재규어랜드로버코리아,더 뉴 레인지로버 스포츠 P360  더 뉴 레인지로버 P530 SWB  더 뉴 레인지로버 P530 LWB  레인지로버 이보크 P250,자발적리콜,정상적인 근거리장 감지 모듈(NFSM) 교체 
191,폭스바겐그룹코리아 주식회사,ID.4 82kWh  ID.4 210kW  ID.5 210kW,자발적리콜,도어 핸들 부품 교체 (국내 대상 차량의 도어 핸들 관련 소프트웨어는 최신 버전으로 확인되어  사전안내문의 소프트웨어 업데이트는 불필요)
192,메르세데스벤츠코리아(주),E 220 d  E 220 d 4MATIC  E 300 d  E 350 d  E 200  E 400 4MATIC  S 350 d  S 350 d 4MATIC  S 450 4MATIC  S 450  AMG S 63 4MATIC+  E 220 d Coupe  E 400 4MATIC Coupe  E 220 d Cabriolet  E 400 Cabriolet  CLS 300 d  CLS 400 d 4MATIC,자발적리콜,파워트레인 컨트롤 유닛 (PTCU) 소프트웨어 업데이트 
193,포르쉐코리아 주식회사,타이칸  타이칸 크로스 투리스모  타이칸 4S  타이칸 크로스 투리스모 4S 타이칸 GTS  타이칸 터보  타이칸 크로스 투리스모 터보  타이칸 터보 S,자발적리콜,고전압 배터리 모듈을 점검하고 필요 시 교체한 후 BMS 소프트웨어를 업데이트 함 (해당 차량의 경우 배터리 충전량을 80%로 제한할 필요는 없습니다..)
194,한국토요타자동차(주),토요타 프리우스 PHEV  렉서스 RZ450e,자발적리콜,서비스센터에서 대상 차량에 대해 차량 제어 ECU 소프트웨어를 업데이트 
195,포르쉐코리아 주식회사,타이칸  타이칸 4S,자발적리콜,단락 발생 가능성이 있는 고전압 배터리 모듈을 교체함 
196,현대자동차(주),베라크루즈(EN),자발적리콜,엔진룸 정션박스내 HECU 개선퓨즈 장착(합선 발생 시 전원 차단하여 소손 예방)
197,현대자동차(주),그랜드스타렉스(TQ)  베라크루즈(EN)  아슬란(AG)  에쿠스(VI),자발적리콜,엔진룸 정션박스내 HECU 개선퓨즈 장착 (합선 발생 시 전원 차단하여 소손 예방)
198,(주)재규어랜드로버코리아,디펜더 90 D250,자발적리콜,엔진 오일필터 하우징 및 오일필터 교체 
199,메르세데스벤츠코리아(주),Mercedes-AMG E 53 4MATIC+  Mercedes-AMG E 53 4MATIC+ Coupe  Mercedes-AMG CLS 53 4MATIC+  Mercedes-AMG GT 43 4MATIC+  Mercedes-AMG GT 53 4MATIC+,자발적리콜,일체형 변속기 배선으로 교체 
200,메르세데스벤츠코리아(주),E 220 d 4MATIC  E 300 4MATIC  E 450 4MATIC  CLE 200  CLE 450 4MATIC  CLE 200  CLE 450 4MATIC,자발적리콜,MBUX 멀티미디어 시스템 소프트웨어 업데이트 
201,메르세데스벤츠코리아(주),GLE 300 d 4MATIC  GLC 220 d 4MATIC Coupe  GLC 300 4MATIC Coupe  GLC 220 d 4MATIC  GLC 300 4MATIC,자발적리콜,차량 기술 데이터 책자 교체  필요 시 자동차 등록증 재발급 (차량 제원의 너비 수치는 차량 옵션에 따라 다를 수 있으며  제원 정정 시 시스템에 병기로 기록됩니다. 재발급되는 등록증에는 기본 수치만 표시되므로. 모든 차량의 등록증의 재발급이 필요하지 않을 수 있습니다.)
202,비엠더블유코리아(주),BMW 220i Active Tourer  BMW 218d Active Tourer  MINI Countryman S ALL4,자발적리콜,엔진 마운트와 차체(차대) 연결부의 고정 나사를 규정된 토크로 체결함 
203,비엠더블유코리아(주),BMW 523d xDrive  BMW 530e xDrive Sedan  BMW 530i xDrive  BMW 550e xDrive Sedan  BMW 740d xDrive  BMW 740i xDrive  BMW 750e xDrive  BMW i5 eDrive40  BMW i5 M60 xDrive  BMW i5 xDrive40 Sedan  BMW i7 eDrive50  BMW i7 M70 xDrive  BMW i7 xDrive60  BMW M5 Sedan,자발적리콜,정상적으로 생산된 더블 유니버셜 조인트로 교체함 
204,비엠더블유코리아(주),BMW 520i  BMW 523d  BMW 530e  BMW 530i xDrive  BMW 740i  BMW 740i xDrive  BMW 750e xDrive  BMW i5 eDrive40  BMW iX1 xDrive30  BMW iX2 eDrive20  BMW X1 xDrive20i  BMW X2 xDrive20i  BMW X5 xDrive30d  BMW X5 xDrive40i  BMW X5 xDrive50e  BMW X6 xDrive40i M Sport  BMW X7 M60i xDrive  BMW X7 xDrive40d  BMW X7 xDrive40i,자발적리콜,정상적으로 생산된 통합제동장치로 교체함 
205,(유)기흥모터스,HARLEY-DAVIDSON GRAND AMERICAN TOURING FLHX  FLTRX / HARLEY-DAVIDSON CVO FLHXSE  FLTRXSE,자발적리콜,전압 레귤레이터 배선의 간섭 및 손상 여부를 점검하여  배선이 크랭크케이스에 간섭되지 않도록 배선의 고정점을 추가하고  만약 배선이 손상되었다면 리콜 키트(품번:91500119)를 사용하여 배선 수리 
206,비엠더블유코리아(주),BMW X7 xDrive40i,자발적리콜,진단 강화 로직이(*OTA 실시간 진단) 적용된 소프트웨어로 업데이트하여 이상 징후를 사전에 감지하고 고객에게 안내함 (참고: 소프트웨어 설치 완료 후 향우 이상 발견 시 통합제동장치 무상 교체)
207,(주)스즈키씨엠씨,스즈키 DL800DE,자발적리콜,뒤 타이어 교체 
208,포드세일즈서비스코리아(유),2024년식 Nautilus,자발적리콜,올바른 도어 컨트롤 모듈 소프트웨어로 업데이트 
209,볼보트럭코리아(주),FH 카고,자발적리콜,스티어링 너클 스탑볼트에 체결되는 와셔 개수 조정 
210,포르쉐코리아 주식회사,Carrera GT,자발적리콜,개선된 전/후방 트레일링암으로 교체 
211,비엠더블유코리아(주),BMW R1300GS,자발적리콜,임시조치) 사이드 케이스를 고정끈으로 고정 및 안내 설명서 부착 (2024년 10월 17일부터 최종조치 방법 시행 전까지)최종조치) 개선품 개발 및 수급 완료 시 보고 후 최종 조치 시행 예정 (미정)
212,비엠더블유코리아(주),R 12 NINET,자발적리콜,점검 후 연료 탱크 내부 세척  필요 시 연료펌프 교체 
213,비엠더블유코리아(주),R 18  R 18 CLASSIC  R 18 B  R 18 TANSCONTINENTAL  R 18 ROCTANE,자발적리콜,임시조치) 후진보조장치 제어 유닛의 전원 배선 탈거 및 기능 비활성화 (2024년 10월 17일부터 최종 조치 방법 시행 전까지)최종조치) 개선품 개발 및 수급완료 시 최종 보고 후 조치 시행 예정 (미정)
214,비엠더블유코리아(주),R 1300 GS,자발적리콜,개선된 기계식 시동모터 제어기(브라켓 일체형)로 교체함 
215,(주)GS글로벌,NEW BYD eBus 12,자발적리콜,차실 내 통로 기준으로 좌우 2인좌석의 좌석다리와 하부 프레임을 분해하고 T방향으로 좌석을 조절하여 통로 너브 400mm 이상 확보 유무 확인 후 재조립/장착 
216,한국닛산(주),닛산 LEAF,자발적리콜,미정 
217,메르세데스벤츠코리아(주),E 220 d  E 220 d 4MATIC  E 220 d Coupe  GLC 220 d 4MATIC,자발적리콜,SCR 촉매 장치의 상류 및 하류 NOx 센서 점검  필요 시 교체 
218,메르세데스벤츠코리아(주),GLC 220 d 4MATIC  GLC 250 d 4MATIC,자발적리콜,엔진 컨트롤 유닛 소프트웨어 업데이트  필요 시 NOx 센서 교체 
219,바이드 코리아(BIDE  KOREA),VENIS,자발적리콜,대상 이륜자동차에 대하여 방향지시등 장치를 개선품으로 교체 
220,바이드 코리아(BIDE  KOREA),VENIS,자발적리콜,대상 이륜자동차에 대하여 후부반사기 및 보조반사기 장치를 개선품으로 교체 
221,메르세데스벤츠코리아(주),Mercedes-AMG E 53 4MATIC+  S 450 4MATIC  Mercedes-AMG SL 63 4MATIC+  GLC 300 4MATIC  Mercedes-AMG CLS 53 4MATIC+  Mercedes-AMG GT 43 4MATIC+  Mercedes-AMG G 63,자발적리콜,연료펌프 교체 
222,주식회사 이비온,E6,자발적리콜,대상 자동차에 대해서 감속기 플랜지 샤프트를 탈거하고 신규부품으로 교체 
223,메르세데스벤츠코리아(주),GLC 220 d 4MATIC,자발적리콜,정상적으로 용접된 전방 서브프레임으로 교체 
224,만트럭버스코리아(주),TGS카고  TGX트랙터,자발적리콜,개선된 메인베어링으로 교체 
225,볼보트럭코리아(주),FH 트랙터,자발적리콜,조수석 시트쿠션(승객탑승 감지센서 내장) 교체 
226,기아 주식회사,포르테(TD)  포르테 하이브리드(TD HEV)  K5(TF)  K5(TF HEV),자발적리콜,에어백 제어장치 전기배선 KIT 장착 
227,메르세데스벤츠코리아(주),E 350 d  E 200  E 300  E 300 4MATIC  AMG E 43 4MATIC  E 400 4MATIC  S 350 d  S 350 d 4MATIC  S 500  S 400 d  S 400 d 4MATIC  S 600 GUARD,자발적리콜,파워트레인 컨트롤 유닛(PTCU) 소프트웨어 업데이트 
228,현대자동차(주),쏘나타 (YF)  쏘나타 하이브리드 (YF HEV),자발적리콜,에어백 제어장치(ACU) 전기배선 KIT 장착 
229,비엠더블유코리아(주),MINI Cooper SE,자발적리콜,고전압 배터리 상태 및 고전압 배터리 하우징의 밀봉상태를 점검하고  밀봉이 제대로 되지 않았을 경우 고전압 배터리 관련 구성품을 교체함 
230,비엠더블유코리아(주),BMW 520i  BMW 523d  BMW 530e  BMW 530i xDrive  BMW 740d xDrive  BMW 740i xDrive  BMW M60i xDrive  BMW X5 xDrive30d  BMW X5 xDrive40d  BMW X5 xDrive40i  BMW X5 xDrive50e  BMW X6 M Competition  BMW X6 M60i xDrive  BMW X6 xDrive30d M Sport  BMW X6 xDrive40d  BMW X6 xDrive40i M Sport  BMW X7 xDrive40d  BMW X7 xDrive40i  BMW XM  BMW XM Label,자발적리콜,진단 강화 로직이(OTA 실시간 진단) 적용된 소프트웨어로 업데이트하여 이상 징후를 사전에 감지하고 고객에게 안내함 (참고: 소프트웨어 설치 완료 후 향후 이상 발견 시 통합제동장치 무상 교체)
231,지엠아시아퍼시픽지역본부 주식회사,캐딜락 에스컬레이드 (Escalade),자발적리콜,전자식 브레이크 컨트롤 모듈 소프트웨어 업데이트 
232,한국지엠주식회사,타호 (Tahoe)  GMC 시에라 (Sierra),자발적리콜,전자식 브레이크 컨트롤 모듈 소프트웨어 업데이트 
233,한국지엠주식회사,콜로라도,자발적리콜,?안전벨트 버클 재조립 
234,기아 주식회사,EV9 (MV),자발적리콜,통합형 전자식 브레이크(IEB) 제어기 소프트웨어 업데이트 
235,비엠더블유코리아(주),BMW 320i Touring  BMW 330i  BMW 330i xDrive  BMW 320i  BMW 530i  BMW 520i  BMW 530i xDrive,자발적리콜,정화조절밸브를 개선품으로 교체함 
236,한국지엠주식회사,2016년형 크루즈 1.6L 디젤엔진 차량,자발적리콜,흡기 다기관 교환 및 엔진/변속기/바디 제어장치 모듈 소프트웨어 업데이트 
237,포드세일즈서비스코리아(유),2018-2020MY MUSTANG 2.3L CONVERTIBLE / COUPE,자발적리콜,올바른 증발가스 캐니스터 부품으로 교환을 실시 
238,한국닛산(주),닛산 LEAF,자발적리콜, 1. 후방카메라 작동 상태 확인   - 만약 후방카메라 배선이 손상되지 않았으면  보호 테이프 부착 및 배선 경로 수정   - 만약 후방카메라 배선이 손상되었으면  후방카메라 교체 후 보호 테이프 부착 및 배선 경로 수정 
239,만트럭버스코리아(주),Lio버스  TGS카고  TGX트랙터,자발적리콜,개선된 메인베어링으로 교체 일부 차량의 경우 기존에 전국 만트럭버스코리아 서비스센터에서 조치가 완료되어  해당 작업을 위해 추가로 서비스센터를 방문이 필요하지 않을 수 있으니 자세한 사항은 제작사 고객센터(080-661-1472)으로 문의하여 주시기 바랍니다.>
240,기아 주식회사,모하비 (HM),자발적리콜,엔진룸 정션박스내 HECU 관련 퓨즈를 개선품으로 교환 (합선 발생 시 전원 차단하여 소손 예방)
241,메르세데스벤츠코리아(주),S 600  S 600 GUARD  S 65 AMG  MAYBACH S 600,자발적리콜,연료 시스템 컨트롤 유닛 소프트웨어 업데이트 및 엔진 컨트롤 유닛 SCN 코딩 실행 
242,메르세데스벤츠코리아(주),ML 350 BLUETEC 4MATIC,자발적리콜,엔진 컨트롤 유닛 소프트웨어 업데이트  필요 시 NOx 센서 교체 
243,스카니아코리아그룹(주),스카니아 카고,자발적리콜,부싱 타입 킹핀으로 교체 
244,메르세데스벤츠코리아(주),ML 63 AMG 4MATIC  E 63 AMG 4MATIC  CLS 63 AMG S 4MATIC  CLS 63 AMG 4MATIC  G 63 AMG,자발적리콜,엔진 컨트롤 유닛 SCN 코딩 
245,메르세데스벤츠코리아(주),EQB 300 4MATIC  EQA 250  GLA 250 4MATIC,자발적리콜,파이로 퓨즈 하우징 점검  필요 시 교체 예정 
246,현대자동차(주),그랜저(HG)  쏘나타 하이브리드(YFe)  싼타페(DM),자발적리콜,엔진룸 정션박스내 HECU 개선퓨즈 장착 (합선 발생 시 전원 차단하여 소손 예방)
247,현대자동차(주),그랜드스타렉스(TQ),자발적리콜,와이어링 교체 (동등 와이어링 사양 적용 차량은 재체결)
248,케이알모터스 주식회사,GRANTUS (그란투스),자발적리콜,개선된 스피드 센서로 교체와 클램프 고정부위 1개소 삭제 
249,아이씨피(주),인정1단슬라이드평판트레일러,자발적리콜,제원 정정 및 구조 변경 
250,기아 주식회사,스포티지 (KM),자발적리콜,엔진룸 정션박스내 HECU 관련 퓨즈를 개선품으로 교환 (합선 발생 시 전원 차단하여 소손 예방)
251,현대자동차(주),투싼(LM)  그랜저(HG),자발적리콜,엔진룸 정션박스내 HECU 개선퓨즈 장착 (합선 발생 시 전원 차단하여 소손 예방)
252,비엠더블유코리아(주),BMW 218d Active Tourer 등 32차종,자발적리콜,진단 강화 로직이(OTA 실시간 진단) 적용된 소프트웨어로 업데이트하여 이상 징후를 사전에 감지하고 고객에게 안내함(참고: 소프트웨어 설치 완료 후 향후 이상 발견 시 통합제동장치 무상 교체)
253,비엠더블유코리아(주),MINI Cooper SE,자발적리콜,고전압 배터리 또는 고전압 시스템의 문제 발생을 감지한 경우 배터리 충전률을 30% 미만으로 방전시키는 진단 기능이 포함된 소프트웨어로 배터리관리모듈(SME)를 업데이트 
254,비엠더블유코리아(주),BMW 116d  BMW 218d  BMW Active Tourer  BMW X1 sDrive  BMW X1 xDrive18d  BMW X1 xDrive20d  MINI Cooper D  MINI Cooper D Clubman   MINI Cooper D Countryman  MINI Cooper D Countryman ALL4  MINI Cooper D five-door  MINI Cooper SD  MINI Cooper SD Clubman  MINI Cooper SD Countryman ALL4  MINI Cooper SD five-door,자발적리콜,EGR 모듈을 개선된 EGR 모듈로 교체하고 EGR 파이프를 청소함  EGR 쿨러 내 누수가 확인되는 경우 흡기다기관을 교체함.추가적으로 B47C 엔진의 해당 차량들에 대해서는 OBD(자기 진단 장치  열적 사건 발생 가능성의 진단 및 예방 가능) 소프트웨어 업데이트를 실시함.
255,비엠더블유코리아(주),BMW 520d xDrive Sedan  BMW 520i  BMW 523d  BMW 523d xDrive  BMW 530e  BMW 530e xDrive Sedan  BMW 530i xDrive  BMW 740d xDrive   BMW 740i xDrive  BMW 750e xDrive  BMW i5 eDrive40  BMW i5 M60 xDrive  BMW i5 xDrive40  BMW i7 eDrive50  BMW i7 M70 xDrive  BMW i7 xDrive60,자발적리콜,스티어링 휠 내부 접지 케이블 연결부 체결 상태를 점검하여 필요 시 와셔를 장착함 
256,비엠더블유코리아(주),BMW i4 eDrive40  BMW i4 M50,자발적리콜,뒤 좌측 사이드 멤버를 점검하고  균열이 발생된 경우 정상적으로 생산된 뒤 좌측 사이드 멤버로 교체
257,포드세일즈서비스코리아(유),2020-2023년식 Aviator,자발적리콜,인포테인먼트 모듈의 비디오 회로 배열 문제로 인하여 전자기 간섭에 취약점이 발생되었으며  이로 인해 360° 카메라 기능을 사용하는 경우 화면이 깜빡이거나 상하로 움직이는 현상이 발생할 수 있고  이런 경우 후방 카메라 화면도 영향을 받기 때문에 후방 시야가 줄어들어 충돌 위험이 높아질 수 있는 가능성에 따른 리콜 
258,한국지엠(주),2016~2018년형 트랙스 1.6L 디젤엔진 차량,자발적리콜,흡기 다기관 교환 및 엔진/바디 제어장치 모듈 소프트웨어 업데이트 
259,한국지엠(주),2018년형 올 뉴 크루즈 1.6L 디젤엔진 차량,자발적리콜,흡기 다기관 교환 
260,메르세데스벤츠코리아(주),C 300 4MATIC  Mercedes-AMG SL 63 4MATIC+,자발적리콜,연료펌프 교체 
261,볼보트럭코리아(주),FH 트랙터  FM 트랙터  FH 카고  FM 카고,자발적리콜,가변축 제어 소프트웨어 업데이트 
262,한국토요타자동차(주),렉서스 UX300h 2WD,자발적리콜,대상차량에 대해 엔진 룸 메인 배선을 점검 후 결과에 따라 개선품으로 교환 
263,스텔란티스코리아 주식회사,Peugeot e-208 Electric  Peugeot e-2008 Electric  DS3 Crossback E-tense Electric,자발적리콜,대상차량임을 확인 후 개선된 eVCU 모듈 소프트웨어로 업데이트 
264,(주)GS글로벌,NEW BYD eBus-12  BYD eBus-12,자발적리콜,서비스센터에서 대상 자동차에 대하여 간접시계장치를 개선품으로 교체 
265,기흥인터내셔널 유한회사,METEOR  CLASSIC 350  HNTR 350,자발적리콜,대상 자동차에 대하여 등화장치(후부반사기 및 측면반사기)를 안전기준에 적합한 부품으로 교체함 
266,비엠더블유코리아(주),BMW 220i Active Tourer 등 61차종,자발적리콜, - 진단 강화 로직이(OTA 실시간 진단) 적용된 소프트웨어로 업데이트 하여 이상 징후를 사전에 감지하고 고객에게 안내함 (무선 OTA를 통한 무선 소프트웨어 업데이트가 가능한 경우 07/2024.40 또는 그 이상 버전이 설치된 것으로 확인된다면 추가 업데이트가 필요하지 않아 서비스센터를 방문할 필요가 없습니다. 자세한 사항은 제작사 고객센터(080-269-5181)로 문의하여 주시기 바랍니다.) - 참고: 소프트웨어 설치 완료 후 향후 이상 발견 시 통합제동장치 무상 교체 진단 강화 로직이(OTA 실시간 진단) 적용된 소프트웨어 (SW version 07/2024.40)가 무선 소프트웨어 업데이트 또는 BMW 공식 서비스센터 방문을 통해 이미 완료되어 추가 조치가 필요하지 않을 수 있음. 자세한 사항은 제작사 고객센터(080-269-5181)로 문의하여 주시기 바랍니다.>
267,기아 주식회사,니로EV (DE EV),자발적리콜,세이프티 플러그 제거 후 동일 기능의 퓨즈박스 부품으로 교환 
268,(주)바이크원,RYKER,자발적리콜,개선된 연료펌프로 교체 
269,지엠아시아퍼시픽지역본부 주식회사,캐딜락 리릭(LYRIQ),자발적리콜,전자식 브레이크 컨트롤 모듈 소프트웨어 업데이트 
270,포드세일즈서비스코리아(유),2021-2023년식 Mustang 2.3,자발적리콜,호스가 개선된 저압 연료 라인으로 교환 
271,포드세일즈서비스코리아(유),2013-2014년식 MKX,자발적리콜,대상 차량 확인 후 작업절차에 따라 브레이크 부스터로 교환함 
272,현대자동차(주),제네시스 쿠페 (BK) 수동 변속 차량,자발적리콜,이그니션 락 스위치 개선품 교환 
273,테슬라코리아 유한회사,Model Y  Model 3  Model X  Model S,자발적리콜,OTA(over-the-air)를 통한 2024.20.3 또는 이후 버전으로 업데이트 (후드 열림 상태 감지 및 운전자 알림)
274,기아 주식회사,프라이드 (UB),자발적리콜,엔진룸 정션박스내 HECU 관련 퓨즈를 개선품으로 교환 (합선 발생 시 전원 차단하여 소손 예방)
275,메르세데스벤츠코리아(주),CLA 250 4MATIC   AMG A 35 4MATIC   GLB 250 4MATIC   AMG GLB 35 4MATIC,자발적리콜,경제적 보상 (1) 보상 금액: 1대당 100 000원   * 보상 금액은 시정조치를 갈음하여 비용을 기준으로 책정되었습니다.(2) 수령 방법: 자동차 등록증  차량 등록증상 소유주 신분증 사본  소유주 명의의 통장 사본 및 필요에 따른 문서를 구비하여 메르세데스-벤츠 공식 서비스센터에 방문하면 경제적 보상을 신청할 수 있습니다.
276,현대자동차(주),싼타페 (MX5)  싼타페 하이브리드 (MX5 HEV),자발적리콜,와이어링(배선) 고정점 추가 (필요 시 배선 교환)
277,(주)스즈키씨엠씨,스즈키 UN125,자발적리콜,하이텐션 코드의 클리어(코팅) 처리 유무를 확인 후  클리어(코팅) 처리가 안되어 있는 차량은 점화코일 교체 
278,현대자동차(주),엑시언트 수소전기트럭 (QZ FCEV),자발적리콜,점검 후 고정너트 체결 재작업 
279,포르쉐코리아 주식회사,타이칸 크로스 투리스모 터보,자발적리콜,개선된 앞축 브레이크 호스로 교체함 
280,메르세데스벤츠코리아(주),E 450 4MATIC 등 21차종,자발적리콜,파워트레인 컨트롤 유닛 SCN코딩 업데이트 
281,(주)스즈키씨엠씨,스즈키 DL800DE,자발적리콜,국내 유통/판매 중인 타이어 브랜드를 선정하여 순정 타이어와 같은 규격의 타이어로 임시 교체 후 추후 시정조치 진행 시 순정 타이어로 재교체 함 
282,현대자동차(주),팰리세이드 (LX2),자발적리콜,접지용 볼트(GND) 교체 
283,메르세데스벤츠코리아(주),GLE 450 4MATIC,자발적리콜,연료펌프 교체 
284,메르세데스벤츠코리아(주),Mercedes AMG GT 43 4MATIC+,자발적리콜,체결형 변속기 배선에서 일체형 변속기 배선으로 교체 예정
285,메르세데스벤츠코리아(주),A 220 Hatch   A 250   A 220 Sedan,자발적리콜,계기판 소프트웨어 업데이트 
286,비엠더블유코리아(주),BMW 1 Series Sport 등 71차종,자발적리콜,스티어링 휠을 점검하고 필요 시 운전석 전방 에어백 모듈을 교체함(신속한 리콜 점검과 고객님의 편의를 위해 온라인 웹 사이트를 통한 점검을 실시(안내문 내용 참조)합니다. 다만 온라인 점검 방법이 어려우실 경우 서비스센터 방문을 통해서 점검 및 조치를 받으실 수 있습니다.)
287,비엠더블유코리아(주),BMW X3 M  BMW X3 M Competition  BMW X3 M40i  BMW X3 M40I A  BMW X3 SDRIV A  BMW X3 XDRIV A  BMW X3 xDrive20d  BMW X3 xDrive20d M Sport Package  BMW X3 xDrive20i  BMW X3 xDrive20i Luxury  BMW X3 xDrive30d  BMW X3 xDrive30d M Sport Package  BMW X3 xDrive30i,자발적리콜,트렁크 내 고정장치 레일 뒤쪽 고정부에 와셔를 추가 장착하고 강건성이 증대된 고정볼트로 교체함 
288,메르세데스벤츠코리아(주),C 300 4MATIC,자발적리콜,12V 및 48V 접지 연결 볼트 점검 및 필요 시 재장착 
289,비엠더블유코리아(주),BMW X5 xDrive35d  BMW M550d xDrive  BMW 640i,자발적리콜,운전석 전방 에어백 모듈을 교체함 
290,케이지모빌리티커머셜 주식회사,스마트110E (전기버스),자발적리콜,브라켓 보강 및 신품 교체 
291,비엠더블유코리아(주),BMW X5 M Competition  BMW X5 M60i xDrive  BMW X6 M Competition  BMW X6 M60i xDrive  BMW X7 M60i xDrive  BMW XM  BMW XM Label,자발적리콜,엔진제어장치의 소프트웨어를 업데이트 함 
292,볼보트럭코리아(주),FH 트랙터,자발적리콜,서비스센터에서 대상 자동차에 대하여 운전자지원첨단조향장치(파일럿 어시스트) 소프트웨어 업데이트 작업 시행 
293,기아 주식회사,쏘울 (AM),자발적리콜,엔진룸 정션박스내 HECU 관련 퓨즈를 개선품으로 교환 (합선 발생 시 전원 차단하여 소손 예방)
294,현대자동차(주),포터2 EV (HR EV,자발적리콜,프로펠러 샤프트 개선품 교체 등 (검토 중)
295,포드세일즈서비스코리아(유),2021-2023년식 Navigator  Exp,자발적리콜,3열 가운데 머리 받침대의 조정 또는 제거/설치 방법에 설명된 인쇄물을 고객 통지문과 함께 발송함. 고객 통지문을 받지 못한 경우에는 서비스센터 방문 시 인쇄물을 배포함. (배포 받으신 인쇄물은 글러브 박스 취급설명서 및/또는 사용자 가이드 북과 함께 보관하시기 바랍니다.)
296,포드세일즈서비스코리아(유),2020-2023년식 Aviator,자발적리콜,인포테인먼트 모듈의 비디오 회로 주변에 전자파 간섭 보호 부품을 장착할 것으로 예상됨
297,(주) 한국모터트레이딩,LTS125(악시스),자발적리콜,1. 개선된 속도케이블 교체2. 계기판 (연관 부품 교환)
298,만트럭버스코리아(주),TGS 카고  TGX 카고  TGM 카고  TGL 카고  TGX 트랙터,자발적리콜,세라믹 절연체가 있는 개선된 시가소켓으로 교체 
299,현대자동차(주),GV80 (JX1)  GV80쿠페 (JX1),자발적리콜,전동 사이드스탭 개선품  연료탱크 충격부 보호 브라켓 장착 등 
300,현대자동차(주),투싼(LM)  엑센트(RB) 디젤  i40(VF),자발적리콜,엔진룸 정션박스내 HECU 개선퓨즈 장착 (합선 발생 시 전원 차단하여 소손 예방)
301,테슬라코리아 유한회사,Model Y,자발적리콜,OTA(over-the-air)를 통한 2024.20.6 또는 이후 버전으로 업데이트 (KMVSS 전조등 빔 패턴 적용)
302,스텔란티스코리아 주식회사,2023년식 짚그랜드체로키 PHEV  2023년식 짚글래디에이터  2024년식 짚랭글러 PHEV,자발적리콜,스티어링 컬럼 컨트롤 모듈 시리얼 넘버를 확인할 것이며  결함부품으로 확인될 경우 개선된 스티어링 컬럼 컨트롤 모듈로 교체 
303,폭스바겐그룹코리아 주식회사,A3 35 TFSI  A3 40 TFSI  A3 40 TFSI Premium  Golf A7 2.0 GTI  Golf A7 1.4 TSI BMT,자발적리콜,개선된 연료 펌프로 교체 
304,폭스바겐그룹코리아 주식회사,A8 50 TDI LWB qu. Premium  A8 50 TDI qu. Premium  A8 55 TFSI LWB qu. Premium  A8 60 TFSI LWB qu. Premium  e-tron S qu.  e-tron Sportback S qu.  S8 LWB TFSI  SQ8 Sportback e-tron  S8 LWB TFSI  SQ8 Sportback e-tron,자발적리콜,등화장치 소프트웨어 업데이트 
305,(주)재규어랜드로버코리아,디스커버리 스포츠 D200  재규어 F-PACE D200,자발적리콜,개선된 터보차저 오일 공급 파이프 클램프  0-링 및 볼트 교체 
306,폭스바겐그룹코리아 주식회사,e-tron GT  RS e-tron GT,자발적리콜,전방 차축 브레이크 호스 교체 및 홀더 추가 장착 
307,현대자동차(주),G70(IK)  아반떼N (CN7 N)  벨로스터N (JS N)  코나N (OS N),자발적리콜,엔진제어장치(ECU) 소프트웨어 업데이트 실시 및 점검 후 필요 시 고압펌프 등 교환 
308,기아 주식회사,봉고Ⅲ (PU),자발적리콜,리어 휠 구동축 락 너트 교환 
309,기아 주식회사,레이 (TAM),자발적리콜,운전석 쿠션 프레임 앗세이 교환 
310,기아 주식회사,K5 (TF)  K5 하이브리드 (TF HEV),자발적리콜,엔진룸 정션박스내 HECU 관련 퓨즈를 개선품으로 교환 (합선 발생 시 전원 차단하여 소손 예방)
311,현대자동차(주),GV70 (JK1),자발적리콜,접지용(GND) 볼트 교체 
312,포르쉐코리아 주식회사,911 카레라 등 17차종,자발적리콜,주행보조시스템 소프트웨어 업데이트 
313,포르쉐코리아 주식회사,타이칸  타이칸 크로스 투리스모  타이칸 4S  타이칸 크로스 투리스모 4S 타이칸 GTS  타이칸 터보  타이칸 크로스 투리스모 터보  타이칸 터보 S,자발적리콜,개선된 앞축 브레이크 호스로 교체 
314,한국닛산(주),M30  M30d  M56  Q70 3.0d  Q70 5.6  Q50 2.2d  Q50 HYBRID  Q50S,자발적리콜,개선된 프로펠러 샤프트 교체 
315,주식회사 이비온,E6,자발적리콜,어린이용 보조발판 제거 
316,주식회사 이비온,E6,자발적리콜,시트커버 교체 
317,주식회사 이비온,E6,자발적리콜,탈출방법 표지를 망치 또는 덮개에 부착하고  비상탈출용 망치 2개 추가 장착
318,폭스바겐그룹코리아 주식회사,A8 50 TDI LWB qu. Premium  A8 50 TDI qu. Premium  A8 55 TFSI LWB qu. Premium  A8 60 TFSI LWB qu. Premium  e-tron S qu.  e-tron Sportback S qu.  S8 LWB TFSI  SQ8 Sportback e-tron,자발적리콜,등화장치 소프트웨어 업데이트 
319,기아 주식회사,쏘렌토 (XM),자발적리콜,엔진룸 정션박스내 HECU 관련 퓨즈를 개선품으로 교환 (합선 발생 시 전원 차단하여 소손 예방)
320,한국토요타자동차(주),NX350h  NX450h+  CROWN Dual Boost HEV  CROWN HEV,자발적리콜,대상차량에 대해 전방 인식 카메라의 소프트웨어를 업데이트 
321,지엠아시아퍼시픽지역본부 주식회사,캐딜락 XT6,자발적리콜,계기판 소프트웨어 업데이트 
322,한국토요타자동차(주),렉서스: ES300h  RX350h  RX450h+  RX500h  UX250h 2WD  UX250h AWD  NX350h  NX450h+  RZ450e  LS500h AWD  LS500 AWD  토요타: CROWN Dual Boost HEV  CROWN HEV,자발적리콜,대상차량에 대해 전방 및 후방 카메라의 제조번호를 점검 후  필요 시 개선품으로 교환 
323,기아 주식회사,K5 (DL3 PE),자발적리콜,배기가스 재순환장치 밸브 (EGR 밸브) 교환 
324,한국토요타자동차(주),토요타 프리우스 2WD  토요타 프리우스 PHEV  토요타 프리우스 AWD,자발적리콜,대상차량에 대해 리어 도어 외부핸들의 오픈 스위치(좌/우)를 개선품으로 교환 
325,현대자동차(주),일렉시티(CY)  일렉시티(CY) FCEV,자발적리콜,인슐레이터 개선품 교환 
326,메르세데스벤츠코리아(주),GLE 450 4MATIC  E 450 4MATIC Cabriolet  Mercedes-AMG G 63,자발적리콜,파워트레인 컨트롤 유닛 SCN코딩 업데이트 
327,메르세데스벤츠코리아(주),CLS 300 d 4MATIC,자발적리콜,새로운 에어백 컨트롤 유닛 소프트웨어 업데이트 
328,메르세데스벤츠코리아(주),Mercedes.AMG E 53 4MATIC+  Mercedes.AMG E 53 4MATIC+ Coupe  Mercedes.AMG CLS 53 4MATIC+25  Mercedes.AMG GT 43 4MATIC+. Mercedes.AMG GT 53 4MATIC+,자발적리콜,일체형 변속기 배선으로 교체 예정 
329,포르쉐코리아 주식회사,타이칸  타이칸 크로스 투리스모  타이칸 4S  타이칸 4S 크로스 투리스모  타이칸 GTS  타이칸 터보  타이칸 터보 크로스 투리스모  타이칸 터보 S,자발적리콜,고전압 배터리를 점검하고 필요 시 단락 발생 가능성이 있는 배터리 모듈을 교체함 
330,포르쉐코리아 주식회사,카이엔  카이엔 Coupe  카이엔 E-하이브리드  카이엔 E-하이브리드 Coupe  카이엔 S E-하이브리드  카이엔 S E-하이브리드 Coupe  카이엔 터보 E-하이브리드  카이엔 터보 E-하이브리드 Coupe  카이엔 터보 GT  파나메라 4  파나메라 터보 E-하이브리드  타이칸  타이칸 크로스 투리스모  타이칸 4S  타이칸 크로스 투리스모 4S  타이칸 터보  타이칸 크로스 투리스모 터보  타이칸 터보 S,자발적리콜,전조등 제어장치 소프트웨어 업데이트 
331,메르세데스벤츠코리아(주),EQE 300  EQE 350 4MATIC  EQE 350+  AMG EQE 53 4MATIC  EQS 450+  EQS 450 4MATIC,자발적리콜,고전압 배터리 관리 시스템 소프트웨어 업데이트
332,포르쉐코리아 주식회사,타이칸   타이칸 크로스 투리스모  타이칸 4S  타이칸 GTS  타이칸 터보  타이칸 터보 S,자발적리콜,단락 발생 가능성이 있는 고전압 배터리의 모듈을 교체함 
333,메르세데스벤츠코리아(주),Mercedes-AMG GLE 63 S 4MATIC+ Coupe  GLS 580 4MATIC  Maybach GLS 600 4MATIC  Mercedes-Maybach GLS 600 4MATIC  Mercedes-AMG G 63,자발적리콜,파워트레인 컨트롤 유닛 SCN코딩 업데이트 
334,기아주식회사,셀토스 (SP2),자발적리콜,엔진제어장치 소프트웨어 업데이트 
335,메르세데스벤츠코리아(주),E 250  E 300 e 4MATIC  S 580 4MATIC  GLC 300 e 4MATIC Coupe  GLC 300 e 4MATIC,자발적리콜,모든 점화 코일 교체 
336,기아 주식회사,스포티지 (SL),자발적리콜,엔진룸 정션박스내 HECU 관련 퓨즈를 개선품으로 교환 (합선 발생 시 전원 차단하여 소손 예방)
337,테슬라코리아 유한회사,Model 3  Model Y  Model X  Model S,자발적리콜,OTA(over-the-air)를 통한 2024.20.3 또는 이후 버전으로 업데이트 (소프트웨어 로직에서 운전석 착석 감지 대신 운전석 안전벨트 버클 및 시동 상태로 안전벨트 경고 시스템을 활성화 함)
338,포르쉐코리아 주식회사,911 카레라 등 25차종,자발적리콜,휴대폰 어플리케이션 'My Porsche' 업데이트 (고객님께서 개인 퓨대폰에서 'My Porsche' 어플리케이션을 업데이트 해야 합니다 업데이트를 진행하면 반번 버튼이 삭제됩니다. 해당 어플리케이션은 업데이트 하지 않으면 사용이 불가합니다.)
339,스텔란티스코리아주식회사,Peugeot 208 1.6 BlueHDi  Peugeot 308 1.6 BlueHDi  Peugeot 508 1.6 BlueHDi  Peugeot 2008 1.6 BlueHDi  Peugeot 3008 1.6 BlueHDi  Peugoet 5008 1.6 BlueHDi  Peugeot 508 2.0 BlueHDi  Peugeot 3008 2.0 BlueHDi  Peugeot 5008 2.0 BlueHDi  Citroen C4 Picasso 2.0 BlueHDi  Citroen C4 Cactus 1.6 BlueHDi  DS3 1.6 BlueHDi   DS5 2.0 BlueHDi,자발적리콜,대상 차량임을 확인 후 요소수탱크 어셈블리를 교체함 통지서 수령 전 시정조치가 완료된 차량의 경우  서비스센터에 방문할 필요가 없습니다. 자세한 사항은 제작사 고객센터(080-365-1200)으로 문의하여 주시기 바랍니다.>
340,(주)재규어랜드로버코리아,더 뉴 레인지로버 스포츠 D300  더 뉴 레인지로버 스포츠 P360  더 뉴 레인지로버 D350 LWB  더 뉴 레인지로버 P550e SWB  디펜더 110 D300   디펜더 110 P400  디펜더 130 D300  디펜더 130 P400  디펜더 90 P400,자발적리콜,엔진 오일필터 하우징 및 오일필터 교체 
341,폭스바겐그룹코리아 주식회사,Touareg 3 PA 3.0 TDI,자발적리콜,등화장치제어 소프트웨어 업데이트 
342,한국토요타자동차(주),토요타 프리우스 2WD  토요타 프리우스 AWD,자발적리콜,대상차량에 대해 차문 잠금장치 제어부품(메인 바디 ECU)을 자동차 안전기준을 준수하는 개선품으로 교환 
343,폭스바겐그룹코리아 주식회사,ID.4 82kWh,자발적리콜,소프트웨어 업데이트 
344,현대자동차(주),제네시스(DH)/G80(DH)  EQ900(HI),자발적리콜,엔진룸 정션박스 내 릴레이KIT 추가 장착 
345,현대자동차(주),맥스크루즈(NC)  벨로스터(FS),자발적리콜,엔진룸 정션박스내 HECU 개선퓨즈 장착 (합선 발생 시 전원 차단하여 소손 예방)
346,비엠더블유코리아(주),BMW 520d xDrive  BMW 520d  BMW 620d xDrive  BMW 620d  BMW X4 xDrive20d  BMW X3 xDrive20d,자발적리콜,필요한 경우 산소감지기를 청소하고  개선된 소프트웨어로 업데이트 
347,한국닛산(주),캐시카이,자발적리콜,실질적 재매입 한국닛산 콜센터(080-010-2323)으로 문의하여 주시기 바랍니다.>
348,혼다코리아(주),GOLDWING  CBR1000RR,자발적리콜,대상 자동차에 대하여 점검 후 교환 대상 부품인 경우 연료 펌프를 개선품으로 교환함 
349,폭스바겐그룹코리아 주식회사,URUS S  URUS PERFORMANTE,자발적리콜,엔진 후드 스트라이커를 점검하고 필요 시 스트라이커 브라켓 교체 
350,메르세데스벤츠코리아(주),GLS 580 4MATIC,자발적리콜,자동차 등록증 재발급 및 경제적 보상  (1) 보상금액: 1대당 100 000 원  * 보상 금액은 시정조치를 갈음하여 자동차 등록증 재발급에 따른 재반 비용을 기준으로 책정되었습니다.(2) 수령방법: 자동차 등록증  차량 등록증상 소유자 신분증 사본  소유주 명의의 통장 사본 및 필요에 따른 문서를 구비하여 메르세데스-벤츠 공식 서비스센터에 방문하면 경제적 보상을 신청할 수 있습니다.
351,메르세데스벤츠코리아(주),EQE 350 4MATIC SUV  EQE 500 4MATIC SUV  AMG EQE 53 4MATIC SUV  EQE 300  EQE 350 4MATIC  EQE 350+  AMG EQE 53 4MATIC  EQS 450 4MATIC SUV  EQS 580 4MATIC SUV  EQS 450+  EQS 450 4MATIC,자발적리콜,고전압 배터리 관리 시스템 소프트웨어 업데이트 예정 
352,메르세데스벤츠코리아(주),GLE 450 4MATIC  AMG GLE 53 4MATIC+ Coupe  C 300  S 450 4MATIC  Maybach S 580 4MATIC  AMG G 63,자발적리콜,연료펌프 교체 
353,현대자동차(주),싼타페 하이브리드(MX5 HEV),자발적리콜,통합형 전자식 브레이크(IEB) 제어기 소프트웨어 업데이트 
354,비엠더블유코리아(주),MINI Countryman S ALL4,자발적리콜,뒷좌석 좌측 도어 트림 패널을 교체하고  뒷좌석 좌측 도어 트림 패널과 팔걸이를 연결하는 고정나사를 규정된 위치에 체결함 
355,기아주식회사,봉고Ⅲ (PU),자발적리콜,대상차량에 대해 점검 후 문제 차량 고압펌프 및 관련 부품 교환 
356,기아주식회사,봉고Ⅲ (PU),자발적리콜,봄베 수분 유입 점검 후 문제 부품으로 확인 시 정상 부품(연료펌프 등)으로 교환 
357,현대자동차(주),포터2 (HR),자발적리콜,점검 후 문제차량 고압펌프 및 관련부품 교환 
358,기아주식회사,니로EV (DE EV),자발적리콜,세이프티 플러그 제거 후 동일 기능의 퓨즈박스 부품으로 교환 
359,폭스바겐그룹코리아 주식회사,ID.4 82kWh,자발적리콜,소프트웨어 업데이트 
360,한국토요타자동차(주),토요타 아발론 하이브리드  토요타 시에나 하이브리드 2WD  토요타 시에나 하이브리드 AWD,자발적리콜,대상차량에 대해 조수석 승객감지 센서의 제조번호를 점검 후  필요 시 신품으로 교환 
361,한솜바이크(주),BENNET125,자발적리콜,대상 자동차에 대하여 제동장치(앞바퀴 브레이크 패드)를 안전기준에 맞는 개선품으로 교환함 
362,만트럭버스코리아(주),TGS TGX,자발적리콜,드래그 링크의 융각 고정 너트를 추가로 조이고  필요할 경우 스이터링 컬럼 레버와 드래그 링크를 교체 
363,기아주식회사,포르테(TD),자발적리콜,엔진룸 정션박스내 HECU 관련 퓨즈를 개선품으로 교환 (합선 발생 시 전원 차단하여 소손 예방)
364,범한자동차 주식회사,E-STAR 8 V1  E-STAR 11,자발적리콜,후면 목적지 표시등 프로그램 업데이트 
365,포르쉐코리아 주식회사,911 카레라  911 카레라 4  911 카레라 4 카브리올레  911 카레라 4 GTS  911 카레라 4 GTS 카브리올레  911 카레라 4S  911 카레라 4S 카브리올레   911 카레라 카브리올레  911 카레라 GTS  911 카레라 GTS 카브리올레  911 카레라 S  911 카레라 S 카브리올레  911 타르가 4  911 타르가 4 GTS   911 타르가 4S  911 터보 S  911 터보 S 카브리올레  911 직/병행수입 차량,자발적리콜,주행보조시스템 소프트웨어 업데이트 
366,포르쉐코리아 주식회사,718 박스터 GTS 4.0  718 카이맨 GTS 4.0,자발적리콜,변속 케이블을 교체 
367,포르쉐코리아 주식회사,카이엔 카이엔 Coupe 카이엔 E-하이브리드 카이엔 E-하이브리드 Coupe 카이엔 S E-하이브리드 카이엔 S E-하이브리드 Coupe 카이엔 터보 E-하이브리드 카이엔 터보 GT,자발적리콜,주행보조시스템 소프트웨어 업데이트 
368,르노코리아(주),MASTER 버스 15인승,자발적리콜,개선된 측면 보조방향지시등과 전구(백색 -> 호박색)로 교체 (*전구 타입 변경으로 인해 사용설명서에 기재된 전구 타입을 WY16W로 수정한 스티커를 동봉함)
369,볼보트럭코리아(주),FH 트랙터  FM 트랙터  FH 카고  FM 카고,자발적리콜,서비스센터에서 대상 자동차에 대하여 전축 조향휠 캐스터 각도 조정 (캐스터 조정용 심 추가 장착) 후 전축 얼라인먼트 조정 작업 시행 
370,메르세데스벤츠코리아(주),GLE 450 4MATIC,자발적리콜,계기반 소프트웨어 업데이트 
371,비엠더블유코리아(주),BMW X5 M Competition  BMW X5 M60i xDrive  BMW X5 xDrive30d  BMW X5 xDrive40d  BMW X5 xDrive40i  BMW X5 xDrive40i  BMW X5 xDrive50e  BMW X6 M Competition  BMW X6 M60i xDrive  BMW X6 xDrive30d M Sport  BMW X6 xDrive40d  BMW X6 xDrive40i M Sport   BMW X7 M60i xDrive  BMW X7 xDrive40d  BMW X7 xDrive40i,자발적리콜,앞 좌석안전띠 경고장치 센서의 작동상태를 점검하고  이상이 있는 경우 정상적으로 생산된 좌석안전띠 버클로 교체함 
372,메르세데스벤츠코리아(주),스프린터  스프린터 (Long),자발적리콜,B-필러 보강재 점검 및 필요 시 용접 실시 
373,비엠더블유코리아(주),MINI Cooper SE,자발적리콜,고전압 배터리 상태 및 고전압 배터리 하우징의 밀봉상태를 점검하고 밀봉이 제대로 되지 않았을 경우 고전압 배터리 관련 구성품을 교체함 
374,대전기계공업(주),Z900RS SE,자발적리콜,대상 자동차에 대하여 주행 장치(앞바퀴 타이어)를 신품으로 교환함 
375,브리타니아오토 주식회사,DBX,자발적리콜,앞쪽 프로펠러 샤프트의 볼트류는 교체하고 앞쪽 드라이브 유닛의 볼트류는 정규 토크 값으로 재 체결함 
376,브리타니아오토 주식회사,DBX707,자발적리콜,기존 엔진오일쿨러 호스를 제거하고  개선된 엔진오일쿨러 호스로 교체함 
377,브리타니아오토 주식회사,DBX  DBX707,자발적리콜,퓨즈박스 내 3곳 단자의 톱니형 너트를 제거하고  리콜키트에 포함된 평와셔  스프링와셔  M8 너트를 사용하여 12Nm의 강화된 토크로 체결함 
378,현대자동차(주),포터(HR) 2.5디젤 4X4 장축 더블캡 / 초장축 더블캡 AT / 초장축 더블캡 MT / 포레스트,자발적리콜,전자제어장치(ECU) 소프트웨어 업데이트 실시 및 점검 후 필요 시 디젤 매연포집필터(DPF) 부품 교환 
379,기아주식회사,카렌스(UN)  레이 전기차(TAM EV),자발적리콜,엔진룸 정션박스내 HECU 관련 퓨즈를 개선품으로 교환 (합선 발생 시 전원 차단하여 소손 예방)
380,현대자동차(주),GV80/GV80쿠페 (JX1),자발적리콜,연료탱크 충격부 보호 브라켓 장착 (검토중)
381,현대자동차(주),그랜드스타렉스(TQ),자발적리콜,내열 성능 개선 및 방열판 적용된 냉각수 호스 교환 
382,(주)에프엠케이,콰트로포르테 트로페오  기블리 트로페오,자발적리콜,내구성을 개선한 온도/압력 센서 케이스가 포함된 연료호스 교체 
383,현대자동차(주),팰리세이드(LX2),자발적리콜,전자제어장치(ECU/DCU) 소프트웨어 업데이트 실시 
384,현대자동차(주),제네시스 쿠페(BK)  투싼 수소연료전지(LMFC),자발적리콜,엔진룸 정션박스내 HECU 개선퓨즈 장착 (합선 발생 시 전원 차단하여 소손 예방)
385,폭스바겐그룹코리아 주식회사,ID.4 82kWh,자발적리콜,앞좌석 등받이와 좌석 연결부 나사 교체 
386,메르세데스벤츠코리아(주),AMG GT  AMG GT S  AMG C 63  AMG C 63 Coup?  AMG C 63 S  AMG C 63 Cabriolet,자발적리콜,엔진 일렉트로닉스(EE) 컨트롤 유닛 소프트웨어 업데이트 
387,현대자동차(주),더 뉴 팰리세이드 (LX2 PE),자발적리콜,엔진 교환 
388,현대자동차(주),싼타페 하이브리드 (MX5 HEV),자발적리콜,배터리제어시스템(BMS) 소프트웨어 업데이트 
389,메르세데스벤츠코리아(주),A 220,자발적리콜,엔진 일렉트로닉스(ME-SFI) 컨트롤 유닛 소프트웨어 업데이트 
390,기아주식회사,봉고Ⅲ(PU) 1톤 4x4 더블캡 / 봉고Ⅲ(PU) 1.2톤 초장축 슈퍼캡 / 봉고Ⅲ(PU) 초장축 더블캡 AT/ 봉고Ⅲ(PU) 초장축 더블캡 MT,자발적리콜,엔진제어장치(ECU) 소프트웨어 업데이트 실시 및 점검 후 필요 시 디젤 매연포집필터 (DPF) 부품 교환 
391,르노코리아 주식회사,XM3,자발적리콜,대상 자동차에 대하여 연료공급호스와 고정 클립 사이에 보호고무를 추가함단  연료공급호스의 손상이 확인될 경우 신품 연료공급호스로 교체함 
392,현대자동차(주),아이오닉5 (NE),자발적리콜,LOT 점검 후 비전루프 프론트 글라스 교환 
393,볼보트럭코리아(주),FH 카고  FM 카고,자발적리콜,프로펠러샤프트 고정볼트 신품 교환 
394,기아주식회사,카니발 (YP),자발적리콜,오일필터 교환 
395,한국토요타자동차(주),렉서스 LS500 AWD  렉서스 LS500h AWD  렉서스 LS500h 2WD,자발적리콜,대상차량에 대해 조수석 승객감지 센서와 시트 프레임의 간섭을 점검 후  해당부위가 간섭되지 않게 조정 
396,(주)재규어랜드로버코리아,더 뉴 레인지로버 스포츠 D300  더 뉴 레인지로버 스포츠 P360,자발적리콜,규정된 토크 값을 준수하여 우측 내측 및 외측 리어램프 어셈블리 교체 
397,기아주식회사,K3 (BD PE)  K5 (DL3 PE)  모닝 (JA PE2),자발적리콜,배기가스 재순환장치 밸브 (EGR 밸브) 교환 
398,현대자동차(주),아반떼 (CN7)  캐스퍼 (AX1)  베뉴 (QX)  쏘나타 (DN8)  코나 (SX2),자발적리콜,배기가스 재순환장치 밸브 (EGR 밸브) 교환 
399,메르세데스벤츠코리아(주),C 220 d  CLS 250 BLUETEC 4MATIC  CLS 250 d MATIC  E 220 BLUETEC  E 250 BLUETEC 4MATIC  GLC 220 d 4MATIC  S 350 BLUETEC 4MATIC  S 350 D  S 350 d 4MATIC,자발적리콜,SCR 촉매 장치의 상류 및 하류 NOx 센서 점검  필요 시 교체 
400,폭스바겐그룹코리아 주식회사,Touareg 3 PA 3.0 TDI,자발적리콜,등화장치 소프트웨어 업데이트 
401,폭스바겐그룹코리아 주식회사,Touareg 3 3.0 TDI,자발적리콜,모바일 애플리케이션(Volkswagen Park Assist Pro) 업데이트 
402,비엠더블유코리아(주),BMW X6 M Competition,자발적리콜,고압연료레일을 교체하고 규정 토크로 체결함 
403,한솜바이크(주),BENNET125 (ZSSR125),자발적리콜,이륜자동차 제원표 및 외관도 정정 제원통보 정정과 소비자 이륜자동차 정정 신고 필요 
404,비엠더블유코리아(주),BMW X5 xDrive50e,자발적리콜,변속기 및 모터 제어 유닛의 전원 공급 배선을 지정된 위치로 고정하며  손상된 경우 전원 공급 배선을 수리함 
405,스텔란티스코리아주식회사,2011~2020년식 짚그랜드체로키,자발적리콜,개선된 고압 연료 펌프로 교체 
406,한국지엠(주),트래버스,자발적리콜,후부반사기 및 옆면반사기 교환 
407,기아주식회사,니로 하이브리드하이브리드(DE HEV)  니로 플러그인하이브리드플러그인하이브리드(DE PHEV),자발적리콜,퓨즈교체 및 점검 후 필요 시 유압식 엔진클러치 액츄에이터 및 와이어링 교환 
408,메르세데스벤츠코리아(주),E 220 d 4MATIC  E 300 4MATIC  E 450 4MATIC,자발적리콜,변속기 배선 경로 확인 및 필요 시 재작업 또는 교체 
409,메르세데스벤츠코리아(주),CLA 250 4MATIC  Mercedes AMG CLA 45 S 4MATIC+  GLE 300 d 4MATIC  GLE 350 4MATIC  GLE 450 4MATIC  Mercedes AMG GLE 53 4MATIC+  GLE 400 d 4MATIC Coupe  Mercedes AMG GLE 53 4MATIC+ Coupe  Mercedes AMG GLE 63 S 4MATIC+  GLS 400 d 4MATIC  GLS 580 4MATIC  Maybach GLS 600 4MATIC  A 220 Hatch  Mercedes AMG A 45 4MATIC+  A 220 Sedan  A 250 4MATIC  Merc edes AMG A 35 4MATIC  B 220  GLB 220  GLB 250 4MATIC  Mercedes AMG GLB 35 4MATIC,자발적리콜,계기반 소프트웨어 업데이트 
410,메르세데스벤츠코리아(주),GLE 300 d 4MATIC  GLE 450 4MATIC  Mercedes AMG GLE 53 4MATIC+  GLE 350 d 4MATIC  GLE 400 d 4MATIC Coupe  GLE 450 d 4MATIC Coupe  Mercedes AMG GLE 53 4MATIC+ Coupe  Mercedes AMG GLE 63 S 4MATIC+  GLS 400 d 4MATIC  GLS 450 4MATIC  GLS 580 4MATIC  Mercedes Maybach GLS 600 4MATIC,자발적리콜,48V 배선 접지 연결부 점검 및 필요 시 배선 교체 
411,메르세데스벤츠코리아(주),C 300 4MATIC  E 450 4MATIC  GLC 300 4MATIC  EQE 350 4MATIC SUV  EQE 350 4MATIC  EQS 450 4MATIC,자발적리콜,개선된 퓨즈 박스로 교체 
412,주식회사 이비온,E6,자발적리콜,비상자동제동장치에 설치된 소프트웨어 업데이트 
413,기아주식회사,니로 하이브리드 (DE HEV)  니로 플러그인 하이브리드 (DE PHEV),자발적리콜,전조등 개선 여부 확인 후 바이펑션 모듈 열화 기능 부위 클립 삽입 및 에이밍 점검
414,현대자동차(주),엑센트(RB) 가솔린,자발적리콜,엔진룸 정션박스내 HECU 개선퓨즈 장착 (합선 발생 시 전원차단하여 소손 예방)
415,현대자동차(주),코나 EV (SX2 EV),자발적리콜,모터 감속기 어셈블리 교환 
416,기아주식회사,니로EV (SG2 EV)  EV9 (MV),자발적리콜,모터 감속기 어셈블리 교환 (니로 EV: 전륜  EV9: 후륜)
417,(주)에스에스라이트,젤라P-200,자발적리콜,대상 자동차에 대하여 자동차 안전기준에 적합한 에어백 경고 라벨로 교환 
418,기아주식회사,K9 (KH),자발적리콜,엔진룸 정션박스내 HECU 관련 퓨즈를 개선품으로 교환 (합선 발생 시 전원 차단하여 소손 예방)
419,포드세일즈서비스코리아(유),2023년식 Bronco,자발적리콜,해당 유리를 탈거하여 안쪽 접착면 코팅 상태 점검 후 필요 시 재코팅 후 유리를 다시 장착함 
420,만트럭버스코리아(주),TGX 트랙터,자발적리콜,연결장치 조임 상태를 점검하고 필요 시 볼트  너트를 교환함 
421,혼다코리아(주),ACCORD  ACCORD HYBRID  CR-V  ODYSSEY  PILOT  HR-V  CIVIC,자발적리콜,연료펌프 교체 
422,(주) 바이크코리아,Speed Triple 1200 RS  Speed Triple 1200 RR,자발적리콜,엔진 전자제어장치 소프트웨어 업데이트 
423,현대자동차(주),G80(RG3)  G80 EV(RG3 EV)  GV80(JX1)  G90(RS4),자발적리콜,전륜 어퍼암 볼트 교환 및 휠 얼라이먼트 조정 
424,현대자동차(주),싼타페(MX5)  싼타페 하이브리드(MX5 HEV),자발적리콜,용접 불량 부위에 볼트 2개소 체결 
425,포드세일즈서비스코리아(유),2023-2024년식 Bronco,자발적리콜,어린이 보호 안전 잠금 장치의 작동상태를 점검하고 필요 시 뒷문 잠금장치를 교환 
426,포르쉐코리아 주식회사,911 카레라  911 카레라 4  911 카레라 4 카브리올레  911 카레라 4 GTS  911 카레라 4 GTS 카브리올레  911 카레라 4S  911 카레라 4S 카브리올레  911 카레라 카브리올레  911 카레라 GTS  911 카레라 GTS 카브리올레  911 카레라 S 카브리올레  911 타르가 4  911 타르가 4 GTS  911 타르가 4S  911 터보 S  911 터보 S 카브리올레  카이엔  카이엔 Coupe  카이엔 E-하이브리드  카이엔 E-하이브리드 Coupe  카이엔 S E-하이브리드  카이엔 S E-하이브리드 Coupe  카이엔 터보  카이엔 터보 Coupe  카이엔 터보 GT  파나메라 4  타이칸  타이칸 4S  타이칸 터보  타이칸 터보 S,자발적리콜,휴대폰 어플리케이션 'My Porsche' 업데이트(*개인 휴대폰에서 'My Porsche' 어플리케이션을 업데이트해야 합니다. 업데이트를 진행하면 반전 버튼이 삭제 됩니다. 해당 어플리케이션은 업데이트 하지 않으면 사용이 불가합니다.)
427,포르쉐코리아 주식회사,타이칸  타이칸 크로스 투리스모  타이칸 4S  타이칸 4S 크로스 투리스모  타이칸 GTS 타이칸 터보  타이칸 터보 크로스 투리스모  타이칸 터보 S,자발적리콜,고전압 배터리를 점검하고 필요 시 배터리 모듈을 교체함 
428,포르쉐코리아 주식회사,타이칸  타이칸 크로스 투리스모  타이칸 4S  타이칸 GTS  타이칸 터보  타이칸 터보 S,자발적리콜,고전압 배터리의 모듈을 교체함 
429,메르세데스벤츠코리아(주),EQB 300 4MATIC,자발적리콜,에어백 컨트롤 유닛 소프트웨어 업데이트 
430,메르세데스벤츠코리아(주),C 300 4MATIC   EQE 350 4MATIC,자발적리콜,개선된 퓨즈 박스로 교체 
431,메르세데스벤츠코리아(주),Mercedes-AMG G 63,자발적리콜,인증된 에어컨 냉매(R-134a)로 교체 
432,메르세데스벤츠코리아(주),GLE 450 4MATIC  Mercedes-AMG GLE 53 4MATIC+  GLS 580 4MATIC  Maybach GLS 600 4MATIC  C 300 4MATIC  S 450 4MATIC  S 500 4MATIC  S 580 e 4MATIC  S 580 4MATIC  Mercedes-AMG SL 63 4MATIC+  Mercedes-AMG G 63,자발적리콜,연료펌프 교체 
433,메르세데스벤츠코리아(주),GLE 300 d 4MATIC  GLE 450 4MATIC  Mercedes-AMG GLE 53 4MATIC+  GLE 350 d 4MATIC  GLE 400 d 4MATIC Coupe  GLE 450 d 4MATIC Coupe  Mercedes-AMG GLE 53 4MATIC+ Coupe  Mercedes-AMG GLE 63 S 4MATIC+  GLS 400 d 4MATIC  GLS 450 4MATIC  GLS 580 4MATIC   Mercedes-Maybach GLS 600 4MATIC,자발적리콜,48V 접지 연결 볼트 점검 및 필요 시 재장착 
434,스텔란티스코리아주식회사,Peugeot e-2008 Electric  Peugeot e-208 Electric  DS3 Crossback E-tense Electric,자발적리콜,eVCU  BSI  ESP 소프트웨어 업데이트 
435,현대자동차(주),아이오닉5 (NE)  아이오닉6 (CE),자발적리콜,통합충전제어장치(ICCU) 소프트웨어 업데이트 
436,스텔란티스코리아주식회사,2021~2023년식 짚그랜드체로키,자발적리콜,앞쪽 앞 상부 컨트롤 암 고정볼트를 교환 
437,현대자동차(주),그랜저(GN7)  그랜저 하이브리드(GN7 HEV),자발적리콜,점검 후 계기판 제어기 교환 (*교환 차량에 대해서는 진단기를 통하여 통산 운행거리 확인 후 교환 예정)
438,메르세데스벤츠코리아(주),CLS 450 4MATIC  C 200  AMG C 43 4MATIC,자발적리콜,파워트레인 컨트롤 유닛 (PTCU) 소프트웨어 업데이트 
439,메르세데스벤츠코리아(주),S 560 4MATIC,자발적리콜,엔진 일렉트로닉스 컨트롤 유닛 소프트웨어 업데이트 
440,한국지엠(주),2022년형 트레일블레이저 1.35L 가솔린엔진 및 2륜구동 장치 장착 차량,자발적리콜,장착된 퍼지 펌프 사양 확인 후 필요 시 퍼지 펌프 교환 보증수리 조치에 따라 동일한 시정조치를 이미 받아  추가로 서비스센터를 방문하여 시정조치를 받으실 필요가 없을 수 있으므로 자세한 사항은 제작사 고객센터(080-3000-5000)으로 문의하여 주시기 바랍니다.>
441,(주) 바이크코리아,Trident 660  Tiger Sports,자발적리콜,프론트 포크 상부 캡을 개선된 부품으로 교체 
442,비엠더블유코리아(주),K 1600ㅁBMW R1250RT  BMW K1600GT  BMW K1600GTL  BMW K1600B B,자발적리콜,결함 원인이 발생한 제조일자를 비교 확인 후 결함 부품을 개선된 부품으로 교체
443,비엠더블유코리아(주),BMW R1300GS,자발적리콜,제작 공정이 정상적으로 수행된 시동모터 제어기로 교체 
444,메르세데스벤츠코리아(주),C 300 4MATIC 등 29차종,자발적리콜,개선된 퓨즈 박스 교체 
445,폭스바겐그룹코리아 주식회사,Huracan STO,자발적리콜,전조등과 관련된 소프트웨어 업데이트 
446,메르세데스벤츠코리아(주),GLE 450 4MATIC   GLS 450 4MATIC,자발적리콜,변속기 컨트롤 유닛 소프트웨어 업데이트 
447,메르세데스벤츠코리아(주),GLE 300 d 4MATIC   GLE 450 4MATIC   GLE 450 d 4MATIC Coupe,자발적리콜,가속 페달 브라켓 고정을 위한 재작업 예정 
448,메르세데스벤츠코리아(주),CLA 250 4MATIC 등 21차종,자발적리콜,계기반 소프트웨어 업데이트 예정
449,메르세데스벤츠코리아(주),Mercedes AMG G 63,자발적리콜,인증된 에어컨 냉매(R-134a)로 교체 예정 
450,포드세일즈서비스코리아(유),2020-2022년식 Explorer PHEV  Explorer FHEV,자발적리콜,후륜 차동 기어 후방 고정 볼트(신품) 및 부싱(개선품) 교환 및 후륜 액슬 커버를 점검 후 필요 시 교환 
451,케이지모빌리티 주식회사(KG Mobility Corp.),토레스EVX,자발적리콜,차량상태 토크센서값 점검 후 필요 시 센서값 초기화 
452,메르세데스벤츠코리아(주),E 220 D 4MATIC  E 450 4MATIC  Mercedes-AMG E 53 4MATIC+  E 350 4MATIC  CLS 300 d 4MATIC  CLS 450 4MATIC  Mercedes-AMG CLS 53 4MATIC+  Mercedes-AMG GT 43 4MATIC+,자발적리콜,48V 접지 연결 볼트 점검 및 필요 시 재장착 
453,스텔란티스코리아주식회사,Peugeot 208 1.6 BlueHDi 등 13차종,자발적리콜,대상 차량임을 확인 후 요소수 탱크 어셈블리를 교체함 (이번 시정조치는 폐사의 부품 수급 유동성을 위해 총 3차에 걸쳐서 진행될 예정이고 시기는 순차적으로 안내 될 예정입니다.)일부 차량의 경우 2차 또는 3차 대상으로 통지서 수령 전 시정조치가 완료된 차량으로 서비스센터에 방문할 필요가 없을 수 있으므로 자세한 사항은 제작사 고객센터(080-365-1200)으로 문의하여 주시기 바랍니다.>
454,스텔란티스코리아주식회사,2014~2016년식 짚체로키,자발적리콜,파워 리프트 게이트 모듈 커넥터의 수분 유입 여부를 확인하고  수분 유입이 안되었을 경우에 파워 리프트 게이트 모듈의 위치를 변경하고  모듈 위에 워터 실드를 장착할 것입니다. 만약 수분 유입이 되었을 경우에는 파워 리프트 게이트 모듈을 새 부품으로 교체후 모듈 재배치 및 워터실드 장착을 진행함.
455,(주)노바스코리아,노바스고소작업차 NOVAS 200E,자발적리콜,편의 추가 부착물 탈거 및 경량화 제품으로 교체 (인버터 및 외부케이스  에어컴프레셔 및 장착 브라켓  전방범퍼잭 및 브라켓  차량별로 상이할 수 있음)
456,폭스바겐그룹코리아 주식회사,R8 FSI qu.  R8 Spyder FSI qu.  R8 V10 plus Coupe  RS5 FSI qu.,자발적리콜,엔진컨트롤유닛 및 트랜스미션컨트롤유닛 소프트웨어 업데이트 
457,(주)재규어랜드로버코리아,레인지로버 5.0SC  레인지로버 5.0SC SVAutobiography  레인지로버 SDV8  레인지로버 D350  레인지로버 P400e  레인지로버 스포츠 SVR  레인지로버 스포츠 P360  레인지로버 스포츠 SDV6  레인지로버 스포츠 D300  레인지로버 스포츠 P400e,자발적리콜,후방카메라 점검 후 필요 시 교체 및 카메라 씰 교환 레인지로버 모델 : 2024.03.26~레인지로버 스포츠 모델 : 2024.05.02~
458,스텔란티스코리아주식회사,2021~2022년식 짚랭글러 PHEV,자발적리콜,배터리 팩 컨트롤 모듈의 소프트웨어를 최신 버전으로 업데이트또한 업데이트 후에 진행되는 진단 절차를 통해 고전압배터리의 이상유무를 확인하고  이상 발견 시 고전압배터리를 새로운 고전압배터리로 교체함
459,폭스바겐그룹코리아 주식회사,Huracan LP580-2 Coupe  Huracan LP580-2 Spyder  Huracan LP610-4 Coupe  Huracan LP610-4 Spyder  Huracan Performante  Huracan Performante Spyder,자발적리콜,엔진컨트롤유닛 및 트랜스미션컨트롤유닛 소프트웨어 업데이트 
460,스텔란티스코리아주식회사,2017~2018년식 짚체로키,자발적리콜,우측 후방안개등을 안개등과 후퇴등의 기능을 가진 새로운 후방안개등으로 교체 
461,스텔란티스코리아주식회사,2014~2016 짚체로키,자발적리콜,후퇴등이 한국자동차안전기준에 부합하는 위치가 되도록 수리를 진행할 것입니다. (수리 방법은 추후 결정)
462,포르쉐코리아 주식회사,911 카레라  911 카레라 4  911 카레라 S  911 카레라 4S  911 카레라 GTS  911 카레라 4 GTS  911 카레라 터보 S  911 GT3,자발적리콜,전/후면 창유리를 점검하고 필요 시 교환 
463,메르세데스벤츠코리아(주),C 200 BLUETEC  C 200 d,자발적리콜,SCR 촉매 장치의 상류 및 하류 NOx 센서 점검  필요 시 교체 
464,주식회사 오토스원,주노(JUNO),자발적리콜,자동차 안전기준에 적합한 제품으로 교체 
465,메르세데스벤츠코리아(주),CLS 350 BLUETEC 4MATIC  CLS 350 d 4MATIC  E 350 BLUETEC 4MATIC  E 350 d  S 350 BLUETEC 4MATIC  S 350 d 4MATIC  S 350 d 4MATIC,자발적리콜,엔진 컨트롤 유닛 소프트웨어 업데이트  필요 시 NOx 센서 교체 
466,메르세데스벤츠코리아(주),C 200 BLUETEC  C 200 d,자발적리콜,엔진 컨트롤 유닛 소프트웨어 업데이트  필요 시 NOx 교체 
467,테슬라코리아 유한회사,Model 3  Model Y,자발적리콜,OTA(over-the-air)를 통한 2023.44.30.14 또는 이후 버전으로 업데이트 (*본 조치는 OTA(over-the-air)를 통한 업데이트로 서비스센터 방문은 필요하지 않습니다.)일부 차량의 경우 조치가 이미 완료되어  추가 조치가 필요하지 않을 수 있으며  자세한 사항은 제작사 고객센터(080-617-1399)로 문의하여 주시기 바랍니다.>
468,기아주식회사,레이 (TAM),자발적리콜,조수석 햇빛가리개 교환 
469,현대자동차(주),아반떼(AD),자발적리콜,바이펑션 전조등 LOT 확인 후 수리 키트(클립) 장착 및 에이밍 점검 
470,한국지엠(주),콜로라도,자발적리콜,전방 카메라 모듈의 소프트웨어 업데이트 
471,기아주식회사,EV6 (CV),자발적리콜,통합충전제어장치 소프트웨어 업데이트 (점검 후 특정 고장코드 진단 시 해당부품 교환)
472,메르세데스벤츠코리아(주),GLE 450 4MATIC  GLS 450 4MATIC,자발적리콜,변속기 컨트롤 유닛 소프트웨어 업데이트 
473,메르세데스벤츠코리아(주),GLE 300 d 4MATIC  GLE 450 4MATIC  GLE 450 d 4MATIC Coupe,자발적리콜,가속 페달 브라켓 고정을 위한 재작업 예정 
474,(유)기흥모터스,HARLEY-DAVIDSON CVO FLHXSE,자발적리콜,조향장치 중심부에 리콜키트 발라사트(무게추)를 설치한 후 ECM(Electronic Control Module) 업데이트 진행 
475,비엠더블유코리아(주),BMW 520i  BMW 523d  BMW 523d xDrive  BMW 530e  BMW 530i xDrive  BMW i5 eDrive40  BMW i5 M60 xDrive,자발적리콜,뒷좌석 ISOFIX 고정부를 점검하고 필요 시  정상적으로 생산된 ISOFIX 고정부로 교체 
476,비엠더블유코리아(주),BMW XM,자발적리콜,테일게이트 외판의 접착 상태를 점검하고  필요 시 정상적으로 생산된 테일게이트로 교체
477,비엠더블유코리아(주),BMW i5 eDrive40,자발적리콜,정상적으로 제조된 고전압 배터리 셀 모듈로 교체 
478,비엠더블유코리아(주),BMW 320i 등 24차종,자발적리콜,정상적으로 제조된 변속기 모듈로 교체 
479,메르세데스벤츠코리아(주),G 350 d,자발적리콜,엔진 컨트롤 유닛 소프트웨어 업데이트  필요 시 NOx 센서 교체 
480,현대자동차(주),EQ900 (HI)  G80 (DH)  G70 (IK),자발적리콜,터보차저 오일공급 파이프 교환 
481,기아주식회사,K9(RJ)  스팅어(CK),자발적리콜,터보차저 오일공급파이프 교환 
482,스텔란티스코리아주식회사,2021~2024년식 짚랭글러 PHEV  2023년식 짚그랜드체로키 PHEV,자발적리콜,하이브리드 컨트롤 프로세서의 프로그램을 개선된 프로그램으로 업데이트 
483,혼다코리아(주),ACCORD(CV1)  ACCORD HYBRID(CV3)  CR-V 2WD(RW1)  CR-V 4WD(RW2)  CR-V HYBRID(RT6)  ODYSSEY(RL6)  PILOT(YF6),자발적리콜,조수석 좌석 중량 센서 교체 (SRS 경고등이 점등하는 차량부터 실시)
484,포르쉐코리아 주식회사,카이엔,자발적리콜,주행보조시스템 소프트웨어를 업데이트 함 
485,주식회사 모빌리티네트웍스,SE-A 2밴,자발적리콜,대상 자동차에 대하여 뒷바퀴(좌/우) 뒤쪽에 흙받이 부착 
486,주식회사 모빌리티네트웍스,SE-A 2밴,자발적리콜,대상 자동차에 대하여 격벽창 "보호플레이트"를 "보호봉"으로 교체 
487,한국지엠(주),볼트 전기차 (BOLT EV),자발적리콜,인스트루먼트 패널 교환 
488,한국토요타자동차(주),토요타 하이랜더 하이브리드,자발적리콜,대상차량에 대해 앞 범퍼 하부커버 고정용 플라스틱 클립을 나사로 교환 및 유격이 있는 부분은 리테이너(핀) 추가 장착 
489,비엠더블유코리아(주),BMW 218d Active Tourer 등 34차종,자발적리콜,정상적으로 생산된 통합제동장치로 교체함 
490,(주)피라인,HYPERS 11L,자발적리콜,안전기준에 적합한 주간주행등으로 교체 
491,(주)피라인,HYPERS 11L,자발적리콜,대상 차량 확인 후 끝단표시등 교체 
492,만트럭버스코리아(주),TGA 트랙터  TGX 트랙터  TGS 카고  TGX 카고  TGL 카고  TGM 카고,자발적리콜,능력단위를 만족하는 소화기로 교체함 
493,기아주식회사,봉고Ⅲ(PU),자발적리콜,장력조절장치(텐셔너) 교환 
494,현대자동차(주),포터2(HR),자발적리콜,장력조절장치(텐셔너) 교환 
495,메르세데스벤츠코리아(주),E 220 d 4MATIC  E 450 4MATIC  Mercedes AMG E 53 4MATIC+  E 350 4MATIC  CLS 300 d 4MATIC  CLS 450 4MATIC  Mercedes AMG CLS 53 4MATIC+  Mercedes AMG GT 43 4MATIC+,자발적리콜,48V 접지 연결 볼트 점검 및 필요 시 재장착 
496,현대자동차(주),아이오닉5(NE)  아이오닉6(CE)  GV60(JW),자발적리콜,리어 이너샤프트 교환 
497,메르세데스벤츠코리아(주),GLC 300 4MATIC Coupe,자발적리콜,차량 기술 데이터 책자 교체 및 자동차 등록증 재발급 
498,포드세일즈서비스코리아(유),2023년식 Ranger Wildtrak,자발적리콜,전륜 구동축 부품 번호 확인 후 잘못된 사양이 장착된 경우 교환
499,비엠더블유코리아(주),Rolls-Royce Spectre,자발적리콜,전륜 구동모터의 접지 케이블 단자에 접착제가 과도하게 사용되었는지 점검하고 접착제가 과도하게 사용된 접지 케이블 단자는 절차레 따라 접착제를 제거한 뒤  절연 안정성을 점검함 
500,포드세일즈서비스코리아(유),2021년식 Navigator,자발적리콜,후방 카메라 교환
501,범한자동차 주식회사,E-SKY 11,자발적리콜,보호장치 너비 방향 추가 핸드레일 설치 
502,테슬라코리아 유한회사,Model S  Model X,자발적리콜,OTA(over-the-air)를 통한 2023.44.30.8 또는 이후 버전으로 업데이트 일부 차량의 경우 해당 조치가 이미 완료되어  추가 조치가 필요하지 않을 수 있으므로 자세한 사항은 테슬라 고객센터(080-617-1399)로 문의하여 주시기 바랍니다.>
503,기아주식회사,니로 EV (SG2 EV),자발적리콜,프론트 드라이브 샤프트 좌측 교환 
504,기아주식회사,EV6 (CV),자발적리콜,리어 이너샤프트 교환 
505,테슬라코리아 유한회사,Model 3  Model Y  Model X  Model S,자발적리콜,OTA(over-the-air)를 통한 2023.44.30.13 또는 이후 버전으로 업데이트 (Model S/X Tegra 차량은 2022.8.10.17 또는 이후 버전으로 업데이트 
506,메르세데스벤츠코리아(주),AMG GT 등 17차종,자발적리콜,점화 코일 교체 
507,(주)스즈키씨엠씨,스즈키 GSX-1300RRQ,자발적리콜,플레어 너트의 조임상태를 점검 후 지정 조임 토크로 체결 
508,블루샤크코리아 주식회사,R1 Lite  R1,자발적리콜,기존 경음기 위치에서 경적음을 충분히 발생시킬 수 있는 위치로 변경하여 재설치 
509,만트럭버스코리아(주),TGS 카고  TGX 카고,자발적리콜,직경 500mm 조향핸들로 교체함 일부 차량의 경우 기존에 작업이 완료되어 해당 리콜 조치 진행을 위해 추가로 서비스센터를 방문할 필요가 없을 수 있으므로 자세한 사항은 제작사 고객센터(080-661-1472)로 문의하여 주시기 바랍니다.>
510,메르세데스벤츠코리아(주),EQS 450 4MATIC  EQS 350  AMG EQS 53 4MATIC+,자발적리콜,구동 전동기 소프트웨어 업데이트 
511,메르세데스벤츠코리아(주),GLE 350 e 4MATIC 등 22차종,자발적리콜,연료펌프 교체 
512,현대자동차(주),코나 (SX2),자발적리콜,배터리 와이어링(엔진룸 정션박스 부) 보호재 길이 연장 (추가 부착) 실시 
513,비엠더블유코리아(주),BMW i4 eDrive40  BMW i4 M50  BMW i7 xDrive60  BMW iX xDrive50ㅁ  BMW iX1 xDrive30  BMW iX3 M Sport  BMW iX M60  Rolls-Royce Spectre,자발적리콜,정상적으로 생산된 통합충전 유닛으로 교체
514,현대자동차(주),제네시스(DH) / G80(DH)  EQ900(HI),자발적리콜,엔진룸 정션박스 내 릴레이KIT 추가 장착
515,비엠더블유코리아(주),BMW i5 eDrive40  BMW i5 M60 xDrive,자발적리콜,개선된 소프트웨어 버전으로 업데이트 
516,(주)GS글로벌,NEW BYD eBus-12  BYD eBus-12  BYD eBus-9  BYD eBus9  NEW BYD eBus-7,자발적리콜,1. Ventura 승강구: 외부 잠금장치 삭제  - 외부 잠금장치의 데드볼트(잠금걸쇠)를 절단 후 외부 잠금장치 조작 시 잠금 비활성화 여부 확인 2. IVY 승강구: 외부 잠금장치 삭제  - 승강구 내측 하단의 잠금 조작장치 커버를 분리/개방하여 잠금 걸쇠봉을 제거 후 외부 잠금장치 조작 시 잠금 비활성화 여부를 확인 
517,(주)GS글로벌,NEW BYD eBus-12,자발적리콜,차실 내 통로 기준으로 좌우 2인좌석의 좌석다리와 하부 프레임을 분해하고 Y방향으로 좌석을 조절하여  통로 너비 400mm 이상 확보 유무 확인 후 재조립/장착
518,(주)GS글로벌,NEW BYD eBus-12  BYD eBus-12  BYD eBus9,자발적리콜,좌석 착석부 시트 커버 지퍼를 개방하여 동일 재질의 200x50x12mm 규격의 시트쿠션(스펀지)를 삽입하고  시트커버 지퍼를 닫은 후 착석부 가로사이즈 400mm 이상 여부를 확인 
519,(주)재규어랜드로버코리아,더 뉴 레인지로버 P530 SWB,자발적리콜,잘못 도포된 접착제 제거 및 라벨 2개 추가 
520,화창상사(주),SPRINGFIELD,자발적리콜,서비스센터에서 대상차량임을 확인 후  크랭크샤프트 위치 센서(CRANKSHAFT POSITION SENSOR) 점검 후 열손상 및 단선 차량은 크랭크샤프트 위치 센서 교체 및 정상 위치에 고정 / 미손상 차량은 정상 위치에 고정 조치함 
521,만트럭버스코리아(주),TGL 카고  TGM 카고  TGS 카고  TGX 트랙터,자발적리콜,연료필터 히터를 개선품으로 교체함 
522,주식회사 모빌리티네트웍스,SE-A 2밴,자발적리콜,대상 자동차에 대한 제원 정정  - 2024년 2월 5일 이후 신고된 제원의 정정이 완료되면 이후 자동차 검사소에도 변경된 치수 제원이 통보되므로 정기검사 시 문제될 사항은 없으며  고객이 별도로 진행할 사항은 없음 
523,(주)볼보자동차코리아,2024년식 XC40,자발적리콜,방향 지시등 진단 시스템(중앙전자모듈/CEM)의 오류를 수정하는 소프트웨어 업데이트를 진행함 
524,비엠더블유코리아(주),BMW 128i 등 19차종,자발적리콜,가변밸브타이밍시스템 고정볼트를 개선된 볼트로 교체하고  볼트가 손상되거나 느슨해진 경우 가변밸브타이밍시스템 유닛을 교체함 
525,메르세데스벤츠코리아(주),ML 350 BLUETEC 4MATIC  E 350 d  S 350 D  S 350 d 4MATIC,자발적리콜,엔진 컨트롤 유닛 소프트웨어 업데이트  필요 시 NOx 센서 교체 
526,메르세데스벤츠코리아(주),GLC 220 d 4MATIC,자발적리콜,엔진 컨트롤 유닛 소프트웨어 업데이트  필요 시 NOx 센서 교체 
527,메르세데스벤츠코리아(주),C 200 d,자발적리콜,엔진 컨트롤 유닛 소프트웨어 업데이트  필요 시 NOx 센서 교체 
528,메르세데스벤츠코리아(주),C 200 d  GLC 220 d 4MATIC  S 350 D  S 350 d 4MATIC,자발적리콜,SCR 촉매 장치의 상류 및 하류 NOx 센서 점검  필요 시 교체 
529,한국지엠(주),2022년형 트레일블레이저 1.35L 가솔린엔진 및 4륜구동 장치 장착 차량,자발적리콜,장착된 퍼지 펌프 사양 확인 후 필요 시 퍼지 펌프 교환 일부 차량의 경우 보증수리 조치에 따라 동일한 시정조치를 이미 받으셨기 때문에 추가로 서비스센터를 방문하시어 시정조치를 받으실 필요가 없을 수 있으므로 자세한 사항은 제작사 고객센터(080-3000-5000)로 문의하여 주시기 바랍니다.>
530,유한회사 모토로싸,2016~2023년식 XDVL,자발적리콜,동승자 등받이에 균열이나 파손이 없는 경우 지정된 절차(고정 나사 부분에 새로운 진동 방지용 연성 와셔를 추가 장착)에 따라 재설치 및 올바른 등받이 사용 안내 스티커를 부착하고  동승자 등받이에 균열이나 파손이 있는 경우 동승자 등받이를 교체 및 올바른 등받이 사용 안내 스티커를 부착함 
531,르노코리아자동차 주식회사,SM3,자발적리콜,ABS 모듈 접지 배선의 차체 고정 부위를 마스틱-테이프를 이용하여 방수 처리함 
532,(주)볼보자동차코리아,2001~2003년식 S80,자발적리콜,새롭게 개선된 추진제 및 인플레이터가 장착된 에어백으로 교체함 
533,(주)재규어랜드로버코리아,더 뉴 레인지로버 스포츠 D300  더 뉴 레인지로버 스포츠 P360,자발적리콜,우측 리어램프 어셈블리 점검 후 필요 시 교체 
534,(주)재규어랜드로버코리아,재규어 I-PACE EV400,자발적리콜,1) 배터리 에너지 컨트롤 모듈 소프트웨어 업데이트 (배터리 상태 실시간 확인  배터리 문제 판단 시 충전용량을 75%로 제한하고 서비스센터 방문 유도)2) 배터리 셀/모듈 검사 후 필요 시 배터리 모듈/어셈블리 교체 
535,한국지엠(주),2021년형 트레일블레이저 1.2L 가솔린엔진 차량,자발적리콜,장착된 퍼지 펌프 사양 확인 후 필요 시 퍼지 펌프 교환 일부 차량의 경우 보증수리 조치에 따라 동일한 시정조치를 이미 받아  추가로 서비스센터를 방문하여 시정조치를 받을 필요가 없을 수 있으므로 자세한 사항은 제작사 고객센터(080-3000-5000)으로 문의하여 주시기 바랍니다.>
536,비엠더블유코리아(주),BMW iX xDrive50  BMW iX M60  BMW i7 xDrive60  BMW i4 M50  BMW i4 eDrive40  BMW iX3 M Sport  BMW iX1 xDrive30,자발적리콜,정상적으로 생산된 통합충전 유닛으로 교체함 
537,비엠더블유코리아(주),BMW i5 M60 xDrive,자발적리콜,정상적으로 제조된 뒤 차축 액티브 스테빌라이저로 교체함 
538,비엠더블유코리아(주),BMW 320i,자발적리콜,실린더 헤드 커버의 부품 번호를 확인하여 제조 오류가 있는 부품일 경우  정상적으로 생산된 부품으로 교체함 
539,기아주식회사,셀토스 (SP2),자발적리콜,커튼에어백 점검 후 문제 부품으로 확인 시 정상 부품으로 교환 
540,폭스바겐그룹코리아 주식회사,Q7 45 TDI qu.  Q7 45 TDI qu. Premium  Q7 50 TDI qu. Premium  Q7 55 TFSI qu. Premium  Q8 45 TDI qu.  Q8 50 TDI qu. Premium  Q8 55 TFSI qu. Premium  RSQ8  SQ7 TFSI,자발적리콜,운전석 측면 에어백 체결 상태 점검 및 필요 시 재고정 
541,기아주식회사,카렌스 (RP),자발적리콜,연료공급 차단 밸브 부품 교환 일부 차량의 경우 이미 리콜에 해당하는 조치가 완료되어 추가 조치가 필요하지 않을 수 있으므로  자세한 사항은 제작사 고객센터(080-200-2000)으로 문의하여 주시기 바랍니다.>
542,기아주식회사,카니발 (KA4),자발적리콜,정상 커넥터 전기배선으로 교환 리콜에 해당되는 조치가 완료되어  조치를 진행하기 위해 서비스센터를 방문할 필요는 없음.>
543,혼다코리아(주),CR-V HYBRID,자발적리콜,퓨즈가 장착된 배터리 케이블 교체 
544,주식회사 이누리,V1,자발적리콜,대상 자동차에 대하여 차단기 및 모터 컨트롤러 전원선 재조립 
545,현대자동차(주),넥쏘 (FE),자발적리콜,커튼 에어백 부품 점검 후 교환 
546,메르세데스벤츠코리아(주),GLE 350 e 4MATIC 등 31차종,자발적리콜,연료펌프 교체 
547,기흥인터내셔널 유한회사,Artura,자발적리콜,개선된 저압 연료파이프로 교체함 
548,제이스모빌리티 주식회사,제이스모빌리티 이티밴(2/4인승),자발적리콜,뒷문은 보호봉 추가 장착  격벽은 보호플레이트를 보호봉으로 교체 
549,포드세일즈서비스코리아(유),2020-2023년식 Mustang,자발적리콜,올바른 브레이크액 레벨 소프트웨어로 업데이트 후 경고등 정상 작동 여부 확인 
550,테슬라코리아 유한회사,Model S  Model X,자발적리콜,OTA(over-the-air)를 통한 2023.44.30 또는 이후 버전으로 업데이트 
551,테슬라코리아 유한회사,Model S  Model X  Model 3  Model Y,자발적리콜,OTA(over-the-air)를 통한 2023.44.30 또는 이후 버전으로 업데이트1. Autosteer 활성화 및 해제 단순화하는 옵션 적용: 활성화 및 해제 2번 -> 1번2. 운전자 모니터링 경고 개선(Model 3/Y에만 적용) - 경고 알림 텍스트 크기 확대 및 경고 화면 하단->상단으로 이동3. Autosteer의 잘못된 운전자 사용 감지 시 Autosteer 1주일간 사용 중지 - Model 3Y(연식:2019-2023)/ SX(연식:2023) (실내 카메라 기능 on) : 5회 - Model SX(연식:2017-2020) (실내 카메라 기능 off) : 3회4. 고속도로가 아닌 지역에서 Autosteer를 사용하여 신호등 접근 시 운전자 모니터링 증대
552,(주)볼보자동차코리아,2017~2024년식 XC90,자발적리콜,2열 좌석 벨트 버클 및 브라켓의 고정 나사가 올바른 사양의 토크로 조여졌는지 확인 후 재조립 작업을 진행함 
553,메르세데스벤츠코리아(주),CLA 250 4MATIC  GLE 300 d 4MATIC  C 200 4MATIC  E 300 e 4MATIC  S 350 D  S 450 4MATIC  S 580 4MATIC  Maybach S 580 4MATIC  GLC 300 4MATIC  GLC 220 d 4MATIC  Mercedes-AMG GLC 43 4MATIC  EQS 450+,자발적리콜,비상 통신 모듈(eCall) 교체 
554,메르세데스벤츠코리아(주),GLE 300 d 4MATIC  GLE 300 d 4MATIC  GLE 450 4MATIC,자발적리콜,12V 접지 연결 볼트 점검  필요 시 재작업 
555,포르쉐코리아 주식회사,718 Boxster  718 Cayman,자발적리콜,후방 전자 제어장치 소프트웨어 업데이트 
556,(주)재규어랜드로버코리아,더 뉴 레인지로버 P530 SWB  더 뉴 레인지로버 P530 LWB (5인승)  더 뉴 레인지로버 P530 LWB (7인승)  더 뉴 레인지로버 P615 SV (4인승)  더 뉴 레인지로버 P615 SV (5인승),자발적리콜,엔진오일 냉각호스 고정장치 점검 후 필요 시 교체 
557,기아주식회사,스팅어(CK),자발적리콜,엔진제어장치 (ECU) 소프트웨어 업데이트 실시 및 점검 후 필요 시 고압 펌프 교환
558,메르세데스벤츠코리아(주),GLE 350 e 4MATIC  GLE 400 e 4MATIC  GLE 350 e 4MATIC Coupe,자발적리콜,자동차 안정성 제어장치(ESP) 소프트웨어 업데이트 
559,메르세데스벤츠코리아(주),EQE 350+,자발적리콜,고전압 배터리 관리 시스템 소프트웨어 업데이트 
560,메르세데스벤츠코리아(주),GLE 450 4MATIC  AMG GLE 53 4MATIC+  AMG GLE 63 S 4MATIC+  Maybach GLS 600 4MATIC  C 300  S 450 4MATIC  AMG G 63,자발적리콜,연료펌프 교체 
561,혼다코리아(주),ACCORD  ACCORD HYBRID,자발적리콜,검사 절차에 따라 고정 상태 점검  필요한 경우 안전띠 프리텐셔너 교체 
562,지엠코리아(주),캐딜락 CT4  캐딜락 CT5,자발적리콜,엔진 컨트롤 모듈(Engine Control Module) 재프로그램
563,테슬라코리아 유한회사,Model 3,자발적리콜,OTA(over-the-air)를 통한 업데이트 (주행 중 동력 상실 방지)일부 차량의 경우 이미 조치가 완료되어  추가로 조치를 진행할 필요가 없을 수 있으므로 자세한 사항은 제작사 고객센터(080-617-1399)로 문의하여 주시기 바랍니다.>
564,한국닛산(주),ALTIMA 2.0  ALTIMA 2.5,자발적리콜,1. 후방카메라 작동 상태 확인2. 만약 후방카메라 배선이 손상 되었다면  후방카메라 교체 후 보호 테이프 부착 및 배선 경로 수정3. 만약 후방카메라 배선이 손상 되지 않았으면  보호 테이프 부착 및 배선 경로 수정 
565,케이지모빌리티 주식회사(KG Mobility Corp.),토레스,자발적리콜,전방카메라모듈 소프트웨어 업데이트 
566,메르세데스벤츠코리아(주),GLE 350 e 4MATIC  GLE 400 e 4MATIC  GLE 350 e 4MATIC Coupe,자발적리콜,자동차 안정성 제어장치(ESP) 소프트웨어 업데이트 
567,메르세데스벤츠코리아(주),CLA 250 4MATIC  GLE 300 d 4MATIC  C 200 4MATIC  E 300 e 4MATIC  S 350 D  S 450 4MATIC  S 580 4MATIC  Maybach S 580 4MATIC  GLC 300 4MATIC  GLC 220 d 4MATIC  Mercedes-AMG GLC 43 4MATIC  EQS 450+.,자발적리콜,비상 통신 모듈(eCall) 교체 
568,비엠더블유코리아(주),BMW 528i  BMW 535i GT  BMW 535i  BMW 328i  BMW 328i Convertible  BMW X6 xDrive35i,자발적리콜,가변밸브타미이시스템 고정볼트를 개선된 볼트로 교체하고  볼트가 손상되거나 느슨해진 경우 가변밸브타이밍시스템 유닛을 교체함 
569,비엠더블유코리아(주),BMW X3 28i  BMW X4 xDrive30d,자발적리콜,운전석 에어백을 교체함 
570,비엠더블유코리아(주),BMW X4 xDrive20i  BMW X3 xDrive20i  BMW 320i Sedan MX  BMW X4 xDrive20d  BMW X3 xDrive30e,자발적리콜,정상적으로 생산된 스티어링 기어로 교체함 
571,한국토요타자동차(주),토요타 GR86,자발적리콜,대상차량에 대해 리어 콤비네이션 램브(좌/우)를 신품으로 교환
572,혼다코리아(주),ODYSSEY,자발적리콜,실린더 블록 어셈블리 교체 
573,현대자동차(주),G80(RG3) EV  GV70(JK1) EV,자발적리콜,리어 드라이브샤프트 좌/우측 교환 
574,현대자동차(주),싼타페 하이브리드 (MX5 HEV),자발적리콜,전방카메라 소프트웨어 점검 및 업데이트 실시 
575,(주)볼보자동차코리아,2022~2024년식 S60,자발적리콜,동승석 에어백 고정 볼트가 올바른 사양의 토크로 조여졌는지 확인 후 필요 시 재조립 작업을 진행함 
576,폭스바겐그룹코리아 주식회사,Golf 8 2.0 TDI  Jetta 7 PA 1.5 TSI  ID.4 82kWh  Touareg 3 3.0 TDI,자발적리콜,기준에 적합한 안전삼각대로 교체 
577,(주) 바이크코리아,Rocket 3 GT Triple Black  Rocket 3 R Black  Rocket 3 GT  Rocket 3 R,자발적리콜,뒷브레이크 마스터 실린더를 개선된 부품으로 교체 
578,비엠더블유코리아(주),BMW M5  BMW M8  BMW X5 M  BMW X6 M,자발적리콜,엔진컨트롤유닛의 소프트웨어를 업데이트 하여 해당 OBD 오류를 소거함 
579,포르쉐코리아 주식회사,911,자발적리콜,에어백 컨트롤 유닛 소프트웨어 업데이트 
580,폭스바겐그룹코리아 주식회사,Q3 35 TDI  Q3 Sportback 35 TDI,자발적리콜,엔진컨트롤유닛 소프트웨어 (배출가스 자기진단장치) 업데이트 
581,비엠더블유코리아(주),BMW 3-series  BMW 5-series  BMW X3  BMW X4  BMW Z4,자발적리콜,컨트롤유닛(DME)을 프로그래밍
582,비엠더블유코리아(주),BMW 750e xDrive Sedan  BMW X5 xDrive50e  BMW XM,자발적리콜,연료탱크 모듈 제어장치 소프트웨어를 업데이트 함 
583,한국지엠(주),트랙스 크로스오버,자발적리콜,라디오 모듈(VCU)의 소프트웨어 르프로그램 실시  * 계기판 꺼짐 현상을 포함하여 아래 사항이 개선이 됩니다. - 센터 디스플레이의 화면이 드물게 늦게 켜지거나  또는 켜지지 않는 현상 - 타이어 공기압 모니터링 시스템 또는  측면 감지 시스템 정비 필요 메시지 점등 - 안드로이드 오토 아이콘 및 장치이름 표기 오류 - 기타 고객 불편사항 
584,포드세일즈서비스코리아(유),2020-2023년식 Mustang,자발적리콜,올바른 브레이크액 레벨 소프트웨어로 업데이트 예정
585,기아주식회사,쏘울EV(PS EV),자발적리콜,18~19MY용 BMS로 교체 및 진단 강화 소프트웨어 업데이트 후 문제 발생 가능성이 있는 셀 검출 시 고전압배터리 교환 조치를 받을 수 있음 
586,메르세데스벤츠코리아(주),GLC 300 4MATIC,자발적리콜,전면  후면 또는 고정식 측면 유리 점검 후 교체 
587,폭스바겐그룹코리아 주식회사,Q4 40 e-tron  Q4 Sportback 40 e-tron,자발적리콜,머리지지대 위치 안내 관련 표식 부착 
588,비엠더블유코리아(주),BMW 128i  BMW 328i  BMW 328i Convertible  BMW 328xi  BMW 523i  BMW 525i  BMW 528i  BMW 528xi  BMW 530i  BMW 730Li  BMW X3 3.0i   BMW X3 3.0si  BMW X5 3.0si  BMW X5 xDrive35i  BMW Z4 sDrive30i,자발적리콜,가변밸브타이밍 시스템 고정볼트를 개선된 볼트로 교체하고  볼트가 손상되거나 느슨해진 경우 가변밸브타이밍시스템 유닛을 교체함 
589,비엠더블유코리아(주),BMW M4 Competition Convertible M xDrive  BMW M4 Competition M xDrive,자발적리콜,뒤 차축에 장착된 실제 휠 규격과 휠에 타각된 내용이 다를 경우  휠 규격이 정상적으로 타각된 휠로 교체함 
590,(주)에프엠케이,페라리 SF90 Stradale  페라리 SF90 Spider,자발적리콜,엔진 및 터보차저 윤활유 공급관 교환 
591,제이스모빌리티 주식회사,제이스모빌리티 이티밴(2인승),자발적리콜,대상 자동차에 대한 제원 정정 
592,기아주식회사,쏘울 EV (PS EV),자발적리콜,P단 변속 시 EPB 자동 체결 소프트웨어 업데이트 (*본 리콜은 '23.12.4 (월)부터 시행되므로 반드시 시행일 이후에 방문하여 조치 받으시기 바랍니다.)
593,포드세일즈서비스코리아(유),2020-2022년식 Explorer PHEV  Explorer FHEV,자발적리콜,후륜 차동 기어 후방 고정 볼트(신품) 및 부싱(개선품) 교환 및/또는 점검 후 필요 시 후륜 액슬 커버를 교환할 것으로 예상됨 
594,포드세일즈서비스코리아(유),2021년식 Navigator,자발적리콜,360° 카메라 시스템의 소프트웨어 업데이트  후방 카메라 교환  및 후방 카메라 배선 경로를 수정할 것으로 예상됨 
595,현대자동차(주),그랜저(HG)  제네시스 쿠페(BK)  베라크루즈(EN)  벨로스터(FS)  아슬란(AG)  투싼(LM)  투싼 수소연료전지 (LMFC)  맥스크루즈(NC)  엑센트(RB)  에쿠스(VI)  쏘나타 하이브리드(YFE)  싼타페(DM)  그랜드스타렉스(TQ)  i40(VF),자발적리콜,엔진룸 정션박스내 HECU 개선퓨즈 장착 (합선 발생 시 전원 차단하여 소손 예방)
596,메르세데스벤츠코리아(주),Mercedes-AMG SL 63 4MATIC+,자발적리콜,스타터/발전기 배선 장착 위치 재작업 
597,기아주식회사,K5(TF)  스포티지(SL)  쏘렌토(XM)  K7(VG)  모하비(HM)  프라이드(UB)  K5 하이브리드(TF HEV)  카렌스(RP)  K9(KH)  포르테(TD)  쏘울(AM)  카렌스(UN)   스포티지(KM)  레이 전기차(TAM EV),자발적리콜,엔진룸 정션박스 내 HECU 개선퓨즈 장착 (합선 발생 시 전원 차단하여 소손 예방) 
598,(주)피라인,HYPERS11L,자발적리콜,대상차량 확인 후 앞면 방향지시등 교체 
599,포드세일즈서비스코리아(유),2020-2022년식 Aviator PHEV  2020-2021년식 Explorer PHEV,자발적리콜,점검 후 필요 시 해당 배터리 모듈을 신품으로 교환할 것으로 예상됨 
600,한국닛산(주),닛산 ALTIMA 2.0  닛산 ALTIMA 2.5,자발적리콜,1. 후방카메라 작동 상태 확인2. 만약 후방카메라 배선이 손상 되었다면  후방카메라 교체 후 보호 테이프 부착 및 배선 경로 수정3. 만약 후방카메라 배선이 손상되지 않았으면  보호 테이프 부착 및 배선 경로 수정 
601,메르세데스벤츠코리아(주),GLC 300 4MATIC Coupe  GLC 220 d 4MATIC  GLC 300 4MATIC,자발적리콜,견인고리 홀 점검 및 필요 시 전방 크로스 멤버 교체 
602,기아주식회사,스팅어 (CK),자발적리콜,엔진제어장치(ECU) 개선 소프트웨어 및 고압 펌프 개선품 자재 준비 후 '23년 내 공지 예정 
603,폭스바겐그룹코리아 주식회사,e-tron GT  RS e-tron GT,자발적리콜,고전압 배터리 누설 여부 점검 및 필요 시 배터리 교체 
604,한국지엠(주),볼트 전기차 (BOLT EV),자발적리콜,인스트루먼트 패널 교환 
605,메르세데스벤츠코리아(주),S 350 d  S 400 d 4MATIC  S 500 4MATIC  S 580 4MATIC  Maybach S 580 4MATIC  Maybach S 680 4MATIC,자발적리콜,12v 접지 연결 볼트 점검  필요 시 재작업 
606,비엠더블유코리아(주),BMW 116d,자발적리콜,EGR 쿨러 개선이 현재 진행 중입니다. 시정 조치의 개발이 완료된 후 조치방법에 대해 재통지 예정입니다.추가적으로  B47C 엔진의 해당 차량들에 대해서는 OBD(자기 진단 장치) 소프트웨어 업데이트를 실시할 것입니다.
607,포드세일즈서비스코리아(유),2022-2023년식 Bronco,자발적리콜,추가적인 클립 부품을 사용하여 안전벨트 래치(걸쇠)의 장착 위치를 변경할 것으로 예상됨
608,메르세데스벤츠코리아(주),E 300 e 4MATIC,자발적리콜,파워 일렉트로닉스 배선 점검  필요 시 재작업 
609,메르세데스벤츠코리아(주),C 300 4MATIC  C 200,자발적리콜,12V 및 48V 접지 연결 볼트 점검 및 필요 시 재장착
610,메르세데스벤츠코리아(주),C 300 4MATIC,자발적리콜,변속기 배선 경로 점검 및 필요 시 재작업 
611,메르세데스벤츠코리아(주),GLE 350 e 4MATIC 등 39차종,자발적리콜,연료펌프 교체 
612,(주)재규어랜드로버코리아,재규어 I-PACE EV400,자발적리콜,결함원인 확인 후 조치 예정 (*사전조치: 결함원인 확인 전 배터리 화재를 방지하게 위해 2023년 7월 14일부터 아래와 같이 사전조치 진행)배터리 에너지 컨트롤 모듈(BECM) 소프트웨어 업데이트 (*발생 가능한 위험을 줄이기 위해 배터리 팩 어셈블리의 작동상태를 감시하는 배터리 에너지컨트롤 모듈(BECM) 소프트웨어 업데이트를 하여  해당 배터리에 열 과부하 상태가 발생할 가능성이 있는지 실시간으로 확인함. 소프트웨어 업데이트는 배터리 상태와 관련하여 추가적인 운전자 경고 메시지를 제공하며  실시간 확인 중 고전압 배터리 상태가 위험하다고 판단되는 경우 고전압 배터리 충전 용량을 75%로 제한함)
613,(주)피라인,HYPERS  HYPERS H  HYPERS 11L,자발적리콜,안전기준에 적합한 개선된 창유리로 교체 
614,포드세일즈서비스코리아(유),2015 -  2019 년식 MKC,자발적리콜,12V 배터리 모니터링 센서의 단독 퓨즈 회로를 추가할 예정
615,(주)바이크원,SPYDER RT,자발적리콜,후방 발판 지지대에 제동장치의 고정을 보강하는 지지대를 설치(예정)
616,포드세일즈서비스코리아(유),2020-2023년식 Aviator  Explorer 및 2020-2022년식 Corsair,자발적리콜,현재 조치 방법 개발 중에 있음 
617,비바모빌리티 주식회사,비바 (밴형 소형화물),자발적리콜,물품적재장치 칸막이벽 폐쇄 및 뒷문 유리창 보호봉 간격 조정
618,메르세데스벤츠코리아(주),S 580 e 4MATIC  EQE 350+  EQS 450 4MATIC  EQS 580 4MATIC  EQS 350  EQS 450+  Mercedes-AMG EQS 53 4MATIC+,자발적리콜,고전압 배터리 관리 시스템 소프트웨어 업데이트 
619,바이크원,RYKER,자발적리콜,제동등 스위치의 위치를 조저하고 보강스프링을 장착(예정)
620,한국지엠(주),트래버스,자발적리콜,변속기 내부의 썬 기어 교환 
621,비엠더블유코리아(주),BMW 218d  BMW Active Tourer  BMW X1 sDrive  BMW X1 xDrive18d  BMW X1 xDrive20d  MINI Cooper D  MINI Cooper D Clubman  MINI Cooper D Countryman  MINI Cooper D Countryman ALL4  MINI Cooper D five-door  MINI Cooper SD  MINI Cooper SD Clubman  MINI Cooper SD Countryman ALL4  MINI Cooper SD five-door,자발적리콜,EGR 쿨러 개선이 현재 진행 중입니다. 시정 조치의 개발이 완료된 후 조치방법에 대해 재통지 예정입니다.추가적으로  B47C 엔진의 해당 차량들에 대해서는 OBD(자기 진당 장치) 소프트웨어 업데이트를 실시할 것입니다.
622,포르쉐코리아 주식회사,Carrera GT,자발적리콜,전/후방 트레일링암 교체 
623,주식회사 인에이블인터내셔널,NIU-NPRO,자발적리콜,앞면방향지시등  후미등  제동등  뒷면방향지시등 개선품 교체(예정)
624,비바모빌리티 주식회사,비바 (밴형 소형화물),자발적리콜,대상차량 전조등(주간주행등 포함) 교환 및 광축조절장치 부착 
625,주식회사 더좋은사람,C40,자발적리콜,개선된 앞면방향지시등이 부착된 핸들앞커버로 교체 
626,주식회사 오토스원,주노(JUNO),자발적리콜,미정
627,(주)피라인,HYPERS 11L,자발적리콜,대상차량 확인 후 자동차 및 자동차부품의 성능과 기준에 관한 규칙 제105조(창유리의 안정성 등) 기준에 부합하는 창유리로 교체 
628,포르쉐코리아 주식회사,파나메라  카이엔  마칸  911  718,자발적리콜,계기판과 관련된 컨트롤 유닛의 소프트웨어를 업데이트 함 
629,스텔란티스코리아주식회사,2011~2020년식 짚그랜드체로키  2021~2014년식 300C,자발적리콜,개선된 고압 연료 펌프로 교체 
630,메르세데스벤츠코리아(주),EQB 300 4MATIC,자발적리콜,뒤 시트 프레임 교체 
631,메르세데스벤츠코리아(주),GLE 300 d 4MATIC  GLE 400 d 4MATIC  GLE 400 d 4MATIC Coupe  GLS 400 d 4MATIC  C 220 d  C 220 d 4MATIC  C 220 d 4MATIC Coupe  E 220 d  E 220 d 4MATIC  S 350 d  S 350 d 4MATIC  S 400 d  S 400 d 4MATIC  S 350 d  S 400 d4MATIC  E 220 d Coupe  E 220 d Convertible   GLC 220 d 4MATIC Coupe  GLC 220 d 4MATIC  CLS 300 d  CLS 400 d 4MATIC  G 400 d,자발적리콜,엔진 컨트롤 유닛 소프트웨어 업데이트 및 전기 스위치 밸브 교체 
632,르노삼성자동차(주),MASTER,자발적리콜,
633,한불모터스(주),DS3 Crossback E-tense,자발적리콜,
634,포르쉐코리아 주식회사,카이엔 디젤,자발적리콜,
635,비엠더블유코리아(주),BMW 118d  BMW 120d  BMW 220d Coupe  BMW 320d  BMW 320d EfficientDynamics Edition  BMW 320d Gran Turismo  BMW 320d Touring  BMW 320d xDrive  BMW 320d xDrive Gran Turismo  BMW 325d  BMW 328d  BMW 328d xDrive  BMW 420d  BMW 420d Coupe  BMW 420d Gran Coupe  BMW 420d xDrive Coupe  BMW 420d xDrive Gran Coupe  BMW 435d xDrive Gran Coupe  BMW 518d  BMW 520d  BMW 520d Touring BMW 520d xDrive  BMW 525d  BMW 525d xDrive  BMW 525d xDrive Touring  BMW 530d  BMW 530d xDrive  BMW 535d  BMW 535d xDrive  BMW 630d xDrive  BMW 640d xDrive Gran Coupe  BMW 730Ld  BMW 730Ld xDrive  BMW 730d  BMW 730d xDrive  BMW 740Ld xDrive  BMW 740d xDrive  BMW 750Ld xDrive  BMW Active Tourer  BMW Gran Turismo 20d  BMW Gran Turismo 30d  BMW Gran Turismo 30d xDrive  BMW Gran Turismo EfficientDynamics Edition  BMW M550d xDrive  BMW X1 xDrive18d  BMW X1 xDrive20d  BMW X1 xDrive25d  BMW X3 xDrive20d  BMW X3 xDrive30d  BMW X4 M40d  BMW X4 xDrive20d  BMW X4 xDrive30d  BMW X5 M50d  BMW X5 xDrive25d  BMW X5 xDrive30d  BMW X5 xDrive35d  BMW X5 xDrive40d  BMW X6 M50d  BMW X6 xDrive30d  BMW X6 xDrive40d  BMW X7 xDrive30d  MINI Cooper D  MINI Cooper D Clubman  MINI Cooper D Countryman  MINI Cooper D Countryman ALL4  MINI Cooper D Paceman  MINI Cooper D Paceman ALL4  MINI Cooper D five-door  MINI Cooper SD  MINI Cooper SD Clubman  MINI Cooper SD Countryman  MINI Cooper SD Countryman ALL4  MINI Cooper SD Coupe  MINI Cooper SD Paceman  MINI Cooper SD Paceman ALL4  MINI Cooper SD five-door,자발적리콜,
636,스카니아코리아그룹(주),스카니아 버스,자발적리콜,
637,화창상사(주),CHIEF CLASSIC  CHIEF DARK HORSE  CHIEF VINTAGE  CHIEFTAIN  CHIEFTAIN DARKHORSE  CHIEFTAIN LIMITED  ROADMASTER  ROADMASTER CLASSIC  ROADMASTER ELITE  SPRINGFIELD  SPRINGFIELD DARK HORSE,자발적리콜,
638,(주)재규어랜드로버코리아,레인지로버 이보크 P250  디스커버리 스포츠 P250,자발적리콜,
639,아우디폭스바겐코리아(주),Bentayga (벤테이가 7인승),자발적리콜,
640,자일대우상용차주식회사,FX120  FX116  BS110CN  BC211M  BS106,자발적리콜,
641,한불모터스(주),DS3 Crossback 1.5 BlueHDi,자발적리콜,
642,한불모터스(주),DS3 Crossback 1.5 BlueHDi,자발적리콜,
643,한불모터스(주),DS3 Crossback 1.5 BlueHDi,자발적리콜,
644,(주) 바이크코리아,THRUXTON R  THRUXTON TFC,자발적리콜,
645,(주) 바이크코리아,SPEED TWIN,자발적리콜,
646,한국토요타자동차(주),토요타 프리우스,자발적리콜,
647,비엠더블유코리아(주),BMW K1600GT  BMW K1600GTL  BMW K1600B,자발적리콜,
648,비엠더블유코리아(주),BMW S1000RR,자발적리콜,
649,지엠코리아(주),캐딜락 ATS  캐딜락 CTS,자발적리콜,
650,비엠더블유코리아(주),MINI Cooper John Cooper Works  MINI Cooper S  MINI Cooper S Clubman  MINI Cooper S Convertible  MINI Cooper S Countryman  MINI Cooper S Countryman ALL4  MINI Cooper S Coupe,자발적리콜,
651,포르쉐코리아 주식회사,파나메라 E 하이브리드,자발적리콜,
652,비엠더블유코리아(주),BMW K1600GT,자발적리콜,
653,(주)볼보자동차코리아,S80  S60  XC70  S60CC  V60  XC60  V60CC  V40  V40CC,자발적리콜,
654,한국닛산(주),맥시마,자발적리콜,
655,한국닛산(주),큐브,자발적리콜,
656,유한회사 모토로싸,HYP950  HYP950 SP,자발적리콜,
657,메르세데스벤츠코리아(주),CLS 350 BLUETEC 4MATIC  CLS 350 d 4MATIC  E 220 d  GLE 350 d 4MATIC  GLS 350 d 4MATIC  S 350 d 4MATIC,자발적리콜,
658,(주)재규어랜드로버코리아,재규어XF  재규어XJ  재규어F-PACE  레인지로버  레인지로버스포츠  디스커버리 (3.0 경유 차량),자발적리콜,
659,(주)재규어랜드로버코리아,재규어 F-Type,자발적리콜,
660,스카니아코리아그룹(주),스카니아 카고트럭  스카니아 트랙터,자발적리콜,
661,볼보그룹코리아(주)트럭,FH 카고  FH 트랙터  FM 카고  FM 트랙터,자발적리콜,
662,한국토요타자동차(주),렉서스 CT200h,자발적리콜,
663,유한회사 모토로싸,1299 Superleggera  1299 Panigale R Final  Panigale R,자발적리콜,
664,비엠더블유코리아(주),G310R  G310GS  C400GT  C400X,자발적리콜,
665,비엠더블유코리아(주),BMW 330i  BMW 330i xDrive  BMW 420i Coupe  BMW 420i Gran Coupe  BMW 430i Convertible  BMW 430i Coupe  BMW 520i  BMW 530i  BMW 530i xDrive  BMW 740e iPerformance  BMW 740Li xDrive  BMW M760Li xDrive  BMW Z4 sDrive20i,자발적리콜,
666,비엠더블유코리아(주),BMW 730d xDrive  BMW 730Ld xDrive  BMW 740d xDrive  BMW 740Ld xDrive,자발적리콜,
667,아우디폭스바겐코리아(주),Aventador S Coupe  Aventador S Roadster,자발적리콜,
668,한국지엠(주),캡티바 2.0 디젤,자발적리콜,
669,(주)볼보자동차코리아,XC60D5 AWD,자발적리콜,
670,한국닛산(주),맥시마  알티마 2.0/2.5  패스파인더  리프  인피니티 QX60,자발적리콜,
671,메르세데스벤츠코리아(주),SLS AMG  SLS AMG Roadster,자발적리콜,
672,(유)기흥모터스,울트라 리미티드  울트라 리미티드 로우  울트라 클래식 로드글라이드 울트라  씨비오 로드글라이드 울트라,자발적리콜,
673,현대자동차(주),투싼(TL) 강화유로6 사양,자발적리콜,
674,한국토요타자동차(주),렉서스 SC430,자발적리콜,
675,다임러트럭코리아(주),스프린터(Sprinter),자발적리콜,
676,포르쉐코리아 주식회사,카이엔,자발적리콜,
677,한불모터스(주),Peugeot 508 GT 2.0 BlueHDi,자발적리콜,
678,한불모터스(주),Citroen C5 Aircross 1.5 BlueHDi,자발적리콜,
679,(주)에프엠케이,페라리 488 GTB  페라리 488 Spider  페라리 캘리포니아 T  페라리 F12 Berlinetta  페라리 F12 tdf,자발적리콜,
680,한국토요타자동차(주),토요타 캠리  토요타 캠리 하이브리드,자발적리콜,
681,한국토요타자동차(주),렉서스 ES300h  렉서스 UX250h AWD  렉서스 UX250h 2WD  렉서스 LS500h AWD  토요타 캠리 하이브리드  토요타 프리우스  토요타 RAV4 하이브리드 AWD  토요타 RAV4 하이브리드 2WD,자발적리콜,
682,한국토요타자동차(주),토요타 프리우스 C,자발적리콜,
683,포르쉐코리아 주식회사,파나메라  카이엔,자발적리콜,
684,(주)에프엠케이,기블리 디젤  기블리  기블리 S Q4  르반떼  르반떼 S  르반떼 트로페오,자발적리콜,
685,한불모터스(주),Peugeot 2008 Allure 1.6 BlueHDi,자발적리콜,
686,유한회사 모토로싸,Panigale V4  Panigale V4 S  Panigale V4 R  Panigale V4 R,자발적리콜,
687,혼다코리아(주),CR-V,자발적리콜,
688,(주)에프엠케이,마세라티 그란투리스모 Sport  마세라티 그란투리스모 MC  마세라티 그란카브리오 Sport  마세라티 그란카브리오 MC,자발적리콜,
689,한불모터스(주),Peugeot 508 1.5 BlueHDi  Peugeot 508 2.0 BlueHDi,자발적리콜,
690,한불모터스(주),Peugeot 508 2.0 BlueHDi,자발적리콜,
691,한불모터스(주),DS7 Crossback 2.0 BlueHDi,자발적리콜,
692,비엠더블유코리아(주),MINI Cooper S Convertible  MINI Cooper S  MINI Cooper S five-door  MINI Cooper S Clubman,자발적리콜,
693,비엠더블유코리아(주),BMW 740e iPerformance  BMW 330e iPerformance,자발적리콜,
694,한국쓰리축공업(주),한쓰4.5톤극플러스트럭  한쓰6.5톤극플러스트럭,자발적리콜,
695,(주)재규어랜드로버코리아,재규어XF  재규어XJ  디스커버리4  레인지로버  레인지로버스포츠,자발적리콜,
696,한국닛산(주),무라노,자발적리콜,
697,메르세데스벤츠코리아(주),AMG C 43 4MATIC Coupe  AMG C 43 4MATIC Cabriolet  AMG C 63 Coupe  AMG C 63 Cabriolet  C 200 Coupe  C 200 Cabriolet  C 220 BLUETEC/C 220d  C 220d 4MATIC  E 220D Coupe  E 220D Cabriolet  E 400  E 400 4MATIC,자발적리콜,
698,한불모터스(주),Peugeot 508 1.5 Blue  Peugeot 508SW 1.5 BlueHDi  Peugeot 508 2.0 BlueHDi  Peugeot 508SW 2.0 BlueHDi  Peugeot 508 GT 2.0 BlueHDi,자발적리콜,
699,한불모터스(주),Peugeot 508 1.5 BlueHDi  Peugeot 508 2.0 BlueHDi,자발적리콜,
700,한불모터스(주),Peugeot 2008 1.5 BlueHDi  Citroen C4 Cactus 1.5 BlueHDi  Citroen C3 Aircross 1.5 BlueHDi,자발적리콜,
701,한불모터스(주),Citroen C4 Cactus 1.5 BlueHDi,자발적리콜,
702,다임러트럭코리아(주),유니목,자발적리콜,
703,다임러트럭코리아(주),악트로스,자발적리콜,
704,다임러트럭코리아(주),악트로스  아록스,자발적리콜,
705,다임러트럭코리아(주),스프린터,자발적리콜,
706,스바루코리아(주),스바루 포레스터  스바루 레거시  스바루 아웃백,자발적리콜,
707,(주)스즈키씨엠씨,BURGMAN200 ABS,자발적리콜,
708,현대자동차(주),투싼(TL),자발적리콜,
709,혼다코리아(주),ODYSSEY,자발적리콜,
710,만트럭버스코리아(주),TGM 카고  TGS 카고  TGX 트랙터,자발적리콜,
711,만트럭버스코리아(주),TGM 카고  TGS 카고,자발적리콜,
712,포르쉐코리아 주식회사,파나메라,자발적리콜,
713,(유)기흥모터스,스트리트 750  스트리트 로드,자발적리콜,
714,쌍용자동차(주),티볼리  티볼리 에어,자발적리콜,
715,혼다코리아(주),ODYSSEY  PILOT,자발적리콜,
716,(주)볼보자동차코리아,XC90,자발적리콜,
717,(주) 한국모터트레이딩,XP530-TMAX,자발적리콜,
718,(주) 한국모터트레이딩,XP530-TMAX,자발적리콜,
719,(주)에프엠케이,르반떼 디젤  르반떼  르반떼 S,자발적리콜,
720,(주)스포츠모터사이클코리아,1290 SUPER ADVENTURE,자발적리콜,
721,케이알모터스 주식회사,Metropolis 400,자발적리콜,
722,유한회사 모토로싸,Super Sport  Super Sport S,자발적리콜,
723,케이알모터스 주식회사,Metropolis 400,자발적리콜,
724,한국닛산(주),Qashqai,자발적리콜,
725,현대자동차(주),벨로스터(FS),자발적리콜,
726,아우디폭스바겐코리아(주),Gallardo Coupe  Gallardo Spyder,자발적리콜,
727,화창상사(주),SCOUT SCOUT SIXTY SCOUT BOBBER,자발적리콜,
728,혼다코리아(주),ACCORD  CR-V,자발적리콜,
729,비엠더블유코리아(주),BMW 128i  323i  325i  325xi  328i  328xi  330i  330xi  523i  525i  525xi  528xi  530i  530xi  730i  730Li  X3 3.0i  X3 3.0si  X5 xDrive30i  Z4 3.0i  Z4 3.0si  528i,자발적리콜,
730,비엠더블유코리아(주),BMW 120d  318d  318d Touring  320d  320d ED  320xd  X1 xDrive18d  X1 xDrive20d  X1 xDrive23d,자발적리콜,
731,한불모터스(주),DS7 Crossback 2.0 BlueHDi,자발적리콜,
732,한국닛산(주),Q30,자발적리콜,
733,한국토요타자동차(주),렉서스 LS500h AWD  렉서스 LS500h 2WD  렉서스 LS500 AWD,자발적리콜,
734,혼다코리아(주),PCX,자발적리콜,
735,포르쉐코리아 주식회사,파나메라  카이엔,자발적리콜,
736,메르세데스벤츠코리아(주),A 200  AMG A 45 4MATIC,자발적리콜,
737,현대자동차(주),그랜드 스타렉스(TQ) 웨건 17인치 사양,자발적리콜,
738,한불모터스(주),Peugeot 508 2.0 BlueHDi  DS7 Crossback 2.0 BlueHDi,자발적리콜,
739,쌍용자동차(주),G4 렉스턴,자발적리콜,
740,메르세데스벤츠코리아(주),AMG E 63 4MATIC+  AMG GLC 43 4MATIC Coupe  AMG GLC 43 4MATIC  AMG S 63 4MATIC+  C 200  C 200 Coupe  C 200 Coupe  C 200 4MATIC  C 200 d  C 220 d  C 220 d 4MATIC  C 250 d 4MATIC  CLS 400 d 4MATIC  E 200  E 220 D  E 220 D Coupe  E 220 D 4MATIC  E 300E 300 4MATIC  E 400  E 400 4MATIC  E 400 4MATIC Coupe  GLC 220 d 4MATIC Coupe  GLC 220 d 4MATIC  GLC 250 d 4MATIC Coupe  GLC 250 d 4MATIC  GLC 350 e 4MATIC  MAYBACH S 560 4MATIC  S 350 D  S 350 d 4MATIC  S 400 D  S 400 D 4MATIC  S 450 4MATIC  S 450 LS 560  S 560 4MATIC,자발적리콜,
741,포르쉐코리아 주식회사,카이엔(9YA)  파나메라(971),자발적리콜,
742,한불모터스(주),Citroen Grand C4 Picasso 2.0 BlueHDi  Citreon C4 Picasso 2.0 Blue-HDi  DS7 Crossback 2.0 BlueHDi,자발적리콜,
743,한불모터스(주),Peugeot 508 2.0 BlueHDi  DS7 Crossback 2.0 BlueHDi,자발적리콜,
744,한국지엠(주),트랙스,자발적리콜,
745,한국지엠(주),아베오,자발적리콜,
746,한국지엠(주),올란도,자발적리콜,
747,(주)재규어랜드로버코리아,레인지로버,자발적리콜,
748,(주)재규어랜드로버코리아,레인지로버  레인지로버 스포츠  레인지로버 벨라  재규어 F-TYPE,자발적리콜,
749,(주)재규어랜드로버코리아,디스커버리 스포츠,자발적리콜,
750,한국지엠(주),라세티 프리미어  크루즈,자발적리콜,
751,다임러트럭코리아(주),악트로스(Actros)  아록스(Arocs),자발적리콜,
752,(주)볼보자동차코리아,XC60,자발적리콜,
753,다임러트럭코리아(주),2세대 스프린터,자발적리콜,
754,다임러트럭코리아(주),악트로스(Actros)  아록스(Arocs),자발적리콜,
755,비엠더블유코리아(주),X5 xDrive35i,자발적리콜,
756,비엠더블유코리아(주),116d  116i  118d  118i  120d  120i  125i  128i  123d  135i  318d  318i  320d  320i  325i  325xi 328i  330d  330d xDrive  330i  335i  335i xDrive  M235i  M3  X1 sDrive20d  X1 xDrive20d  X1 xDrive28i  X1sDrive28i  X3 xDrive20d  X3 xDrive20i  X3 xDrive30d  X3 xDrive2.5i  X3 xDrive3.0i  X5 xDrive30d  X5 xDrive30i X5 xDrive35i  X6 xDrive35i  X6 xDrive50i  X6 M,자발적리콜,
757,비엠더블유코리아(주),520d  520i  520iA  525d  525i  530d  530i  540i  M5  X5 3.0  X5 3.0d  X5 3.0i  X5 4.4  X5 4.4i,자발적리콜,
758,비엠더블유코리아(주),120d  220d Coupe  320d  320d Touring  320i  328i  330i  330e iPerformance  420d Coupe  420d  Gran Coupe  420d xDrive Coupe  420d xDrive Gran Coupe  420i Coupe  420i Gran Coupe  428i Convertible  428i Coupe  430i Convertible  430i Coupe  435d xDrive Gran Coupe  640d xDrive Gran Coupe  M2 Coupe  M3  M4 Coupe  M4 Convertible  M6 Coupe  M6 Gran Coupe  X1 xDrive18d  X1 xDrive20d  X1 xDrive25d  X5 xDrive30d  X5 xDrive40d  X5 M50d  X6 xDrive30d  X6 xDrive40d  X6 M50d  X5 M  X6 M,자발적리콜,
759,비엠더블유코리아(주),X6 xDrive30d  X6 xDrive40d  X6 xDrive50i  X6 M50d,자발적리콜,
760,아우디폭스바겐코리아(주),Mulsanne(뮬산),자발적리콜,
761,현대자동차(주),그랜저(HG)  쏘나타 (YF),자발적리콜,
762,현대자동차(주),에어로타운  그린시티,자발적리콜,
763,현대자동차(주),메가트럭,자발적리콜,
764,현대자동차(주),에어로타운  그린시티,자발적리콜,
765,현대자동차(주),카운티,자발적리콜,
766,현대자동차(주),올뉴마이티,자발적리콜,
767,현대자동차(주),메가트럭,자발적리콜,
768,한불모터스(주),DS7 Crossback 2.0 BlueHDi,자발적리콜,
769,한불모터스(주),DS7 Crossback 2.0 BlueHDi,자발적리콜,
770,한국닛산(주),알티마,자발적리콜,
771,유한회사 모토로싸,Panigale V4  Panigale V4 S  Panigale V4 Special,자발적리콜,
772,유한회사 모토로싸,M821  M1200  M1200S  Super Sport  Super Sport S,자발적리콜,
773,만트럭버스코리아(주),유로6 TGS/TGX 트랙터 및 카고,자발적리콜,
774,(주)에프엠케이,기블리 350  기블리 S Q4  콰트로포르테 GTS  콰트로포르테 S Q4,자발적리콜,
775,비엠더블유코리아(주),BMW 120d  220d Coupe  320d  320d EfficientDynamics Edition  320d Gran Turismo  320d Touring  320d xDrive  320d xDrive Gran Turismo  325d  420d Coupe  420d Gran Coupe  420d xDrive Coupe  420d xDrive Gran Coupe  435d xDrive Gran Coupe  520d  520d Touring  520d xDrive  525d  525d xDrive  525d xDrive Touring  530d xDrive  535d  640d xDrive Gran Coupe  730d  730d xDrive  730Ld  740d  740d xDrive  Gran Turismo 20d  Gran Turismo 30d  Gran Turismo 30d xDrive  Gran Turismo EfficientDynamics Edition  X1 xDrive25d  X3 xDrive20d  X3 xDrive30d  X3 xDrive35d  X4 xDrive20d  X4 xDrive30d  X5 xDrive30d  X5 xDrive40d  X6 xDrive30d  X6 xDrive40d,자발적리콜,
776,현대자동차(주),그랜저(HG) 디젤,자발적리콜,
777,(주)볼보자동차코리아,V40  V40CC  S60  S60CC  V60  V60CC  XC60  XC70  S80,자발적리콜,
778,메르세데스벤츠코리아(주),,자발적리콜,
779,비엠더블유코리아(주),MINI Cooper SD Countryman ALL4  MINI Cooper SD Countryman  MINI Cooper D,자발적리콜,
780,비엠더블유코리아(주),BMW 320d Gran Turismo  325d  328d  328d xDrive  520d xDrive  535d xDrive  X3 xDrive20d  X5 xDrive30d X5 xDrive35d  X6 xDrive30d,자발적리콜,
781,한불모터스(주),Peugeot 5008 2.0 Blue-HDi  Peugeot 5008 1.6 Blue-HDi,자발적리콜,
782,한국토요타자동차(주),토요타 86 (AT)  토요타 86 (MT),자발적리콜,
783,(주) 한국모터트레이딩,YZF-R3A  MTN320A,자발적리콜,
784,(주) 한국모터트레이딩,YZF-R3A  MTN320A,자발적리콜,
785,(주) 한국모터트레이딩,MWS125,자발적리콜,
786,혼다코리아(주),ADV750,자발적리콜,
787,(유)기흥모터스,투어링  투어링 폴리스  씨비오 투어링  소프테일  씨비오 소프테일,자발적리콜,
788,혼다코리아(주),ODYSSEY,자발적리콜,
789,혼다코리아(주),ODYSSEY,자발적리콜,
790,비엠더블유코리아(주),BMW 118d  220d Coupe  320d  320d Touring  320d Gran Turismo  320d EfficientDynamics Edition  320d  xDrive  320d xDrive Gran Turismo  420d Gran Coupe  420d Coupe  420d xDrive Gran Coupe  420d xDrive  Coupe  520d  520d xDrive  X3 xDrive20d  X4 xDrive20d  Gran Turismo EfficientDynamics Edition  525d xDrive  525d  435d xDrive Gran Coupe  530d xDrive  520d xDrive Touring  640d xDrive Gran Coupe  Gran Turismo 30d xDrive  Gran Turismo EfficientDynamics Edition  Active Tourer  X1 xDrive18d  X1 xDrive20d  X3 xDrive30d  X4 xDrive30d  X5 xDrive30d  X5 xDrive40d  X6 xDrive30d  X6 xDrive40d  X6 M50d  X5 M50d  M550d xDrive  750Ld xDrive  MINI Cooper D  Cooper D Clubman  Cooper D Countryman  Cooper D Countryman ALL4 Cooper D five-door  Cooper D paceman  Cooper D paceman ALL4  Cooper SD  Cooper SD Clubman  Cooper SD Countryman  Cooper SD Countryman ALL4  Cooper SD Coupe  Cooper SD five-door  Cooper SD Paceman  Cooper SD Paceman ALL4,자발적리콜,
791,지엠코리아주식회사,캐딜락 CTS,자발적리콜,
792,(주)한국모터트레이딩,SR400,자발적리콜,
793,비엠더블유코리아(주),MINI Cooper five-door,자발적리콜,
794,한국지엠(주),볼트 (BOLT EV)  볼트 (VOLT)  임팔라,자발적리콜,
795,한불모터스(주),Peugeot 508 2.0 Blue-HDi  Peugeot 508 RXH 2.0 Blue-HDi,자발적리콜,
796,혼다코리아(주),PILOT,자발적리콜,
797,(주)재규어랜드로버코리아,레인지로버  디스커버리,자발적리콜,
798,한국토요타자동차(주),렉서스 ES300h,자발적리콜,
799,(주)재규어랜드로버코리아,재규어XF  재규어XJ  디스커버리4  레인지로버  레인지로버스포츠,자발적리콜,
800,(주)재규어랜드로버코리아,디스커버리스포츠2.0D,자발적리콜,
801,지엠코리아주식회사,캐딜락 CT6,자발적리콜,
802,쌍용자동차(주),티볼리/티볼리에어(디젤),자발적리콜,
803,한국토요타자동차(주),토요타 프리우스,자발적리콜,
804,한국지엠(주),임팔라,자발적리콜,
805,한국지엠(주),이쿼녹스,자발적리콜,
806,한국지엠(주),볼트 (VOLT),자발적리콜,
807,한국지엠(주),볼트 (BOLT EV),자발적리콜,
808,(주)볼보자동차코리아,XC40,자발적리콜,
809,한국지엠(주),올란도 2.0 LPG,자발적리콜,
810,(주)볼보자동차코리아,XC40,자발적리콜,
811,메르세데스벤츠코리아(주),AMG C 43 4MATIC  AMG C 450 4MATIC  E 400 4MATIC Coupe  AMG GLC 43 4MATIC Coupe  AMG GLC 43 4MATIC,자발적리콜,
812,메르세데스벤츠코리아(주),AMG GLE 63 S 4MATIC Coupe,자발적리콜,
813,메르세데스벤츠코리아(주),AMG GLA 45 4MATIC  A 200  AMG A 45 4MATIC  C 200  C 200 4MATIC  C 200 Coupe  C 200 Cabriolet  E 400 4MATIC  GLC 220 d 4 MATIC Coupe  GLC 250 d 4MATIC Coupe  GLC 250 d 4MATIC  GLC 350 e 4MATIC,자발적리콜,
814,메르세데스벤츠코리아(주),AMG C 63,자발적리콜,
815,(주)캄피오니모토트레이딩,BRUTALE 800 RR  BRUTALE 800 DRAGSTER RR,자발적리콜,
816,혼다코리아(주),BENLY110,자발적리콜,
817,혼다모터싸이클코리아(주),CRF1000L(아프리카트윈),자발적리콜,
818,한불모터스(주),Peugeot 308 GT 2.0 Blue-HDi  Peugeot 3008 GT 2.0 Blue-HDi  Peugeot 5008 GT 2.0 Blue-HDi,자발적리콜,
819,한불모터스(주),Citroen Grand C4 Picasso 2.0 Blue-HDi,자발적리콜,
820,한불모터스(주),Peugeot 2008 1.6 Blue-HDi,자발적리콜,
821,,Aventador LP700-4 Coupe  Aventador LP700-4 Roadster  Aventador LP700-4 Rds Pirelli  Aventador LP720-4 Coupe 50,자발적리콜,
822,한불모터스(주),Peugeot 5008 GT 2.0 Blue-HDi  Peugeot 3008 GT 2.0 Blue-HDi,자발적리콜,
823,한불모터스(주),Citroen C4 SPACETOURER 2.0 Blue-HDi,자발적리콜,
824,한불모터스(주),Peugeot 3008 1.6 Blue-HDi,자발적리콜,
825,(주) 한국모터트레이딩,MTN690-A,자발적리콜,
826,비엠더블유코리아(주),120d  220d Coupe  320d  320d EfficientDynamics Edition  320d Gran Turismo  320d Touring  320d xDrive  320d xDrive Gran Turismo  325d  420d Coupe  420d Gran Coupe  420d xDrive Coupe  420d xDrive Gran Coupe  435d xDrive Gran Coupe  520d  520d Touring  520d xDrive  525d  525d xDrive  525d xDrive Touring  530d xDrive  535d  640d xDrive Gran Coupe  730d  730d xDrive  730Ld  740d  740d xDrive  Gran Turismo 20d  Gran Turismo 30d  Gran Turismo 30d xDrive  Gran Turismo EfficientDynamics Edition  X1 xDrive25d  X3 xDrive20d  X3 xDrive30d  X3 xDrive35d  X4 xDrive20d  X4 xDrive30d  X5 xDrive30d  X5 xDrive40d  X6 xDrive30d  X6 xDrive40d,자발적리콜,
827,비엠더블유코리아(주),BMW G310R  BMW G310GS,자발적리콜,
828,화창상사(주),SCOUT  SCOUT SIXTY  SCOUT BOBBER,자발적리콜,
829,다임러트럭코리아(주),아록스 964,자발적리콜,
830,,Peugeot 308 2.0 Blue-HDi  Peugeot 5008 1.6 Blue-HDi  Peugeot 3008 1.6 Blue-HDi  Peugeot 3008 2.0 Blue-HDi,자발적리콜,
831,한불모터스(주),Citroen Grand C4 Picasso 2.0 Blue-HDi  Citroen Grand C4 Picasso 1.6 Blue-HDi,자발적리콜,
832,(주)재규어랜드로버코리아,레인지로버 플러그인 하이브리드  레인지로버 스포츠 플러그인 하이브리드,자발적리콜,
833,(주)에프엠케이,페라리 캘리포니아  페라리 458 이탈리아  페라리 458 스파이더  페라리 FF  페라리 F12 Berlinetta,자발적리콜,
834,한국닛산(주),알티마 2.5,자발적리콜,
835,지엠코리아주식회사,캐딜락 CT6,자발적리콜,
836,유한회사 모토로싸,Supersport  Supersport S,자발적리콜,
837,포르쉐코리아 주식회사,파나메라,자발적리콜,
838,한불모터스(주),Peugeot 508 1.6 Blue-HDi  Peugeot 308SW 1.6 Blue-HDi  Peugeot 308 1.6 Blue-HDi  Peugeot 3008 1.6 Blue-HDi  Peugeot 2008 1.6 Blue-HDi,자발적리콜,
839,한불모터스(주),Citroen Grand C4 Picasso 1.6 Blue-HDi  Citroen C4 Picasso 1.6 Blue-HDi  Citroen DS3 1.6 Blue-HDi,자발적리콜,
840,비엠더블유코리아(주),Rolls-Royce Ghost,자발적리콜,
841,비엠더블유코리아(주),550i  550i xDrive  650i Convertible  750i  750Li  750Li xDrive  760Li  ActiveHybrid 7  ActiveHybrid X6  X5 M  X5 xDrive50i  X6 M  X6 xDrive50i,자발적리콜,
842,혼다코리아(주),ODYSSEY,자발적리콜,
843,화창상사(주),ROADMASTER ELITE  ROADMASTER  CHIEF VINTAGE  SPRINGFIELD  CHIEF CLASSIC  SPRINGFIELD DARK HORSE,자발적리콜,
844,이탈로모토(유),BEVERLY 350 SPORT TOURING ABS,자발적리콜,
845,한국토요타자동차(주),토요타 시에나 2WD  토요타 시에나 4WD,자발적리콜,
846,지엠코리아주식회사,캐딜락 STS,자발적리콜,
847,(주)재규어랜드로버코리아,레인지로버 벨라,자발적리콜,
